Age,Gender,Weight (kg),Height (m),Max_BPM,Avg_BPM,Resting_BPM,Session_Duration (hours),Calories_Burned,Workout_Type,Fat_Percentage,Water_Intake (liters),Workout_Frequency (days/week),Experience_Level,BMI
56,Male,68.6,1.7,178,93,60,1.19,512,Yoga,8.9,3.42,3,2,23.65
46,Female,43.6,1.63,167,97,53,1.8,941,Strength,27.5,3.31,4,3,16.42
32,Female,88.7,1.72,177,134,71,0.65,667,Cardio,34.0,3.32,2,1,29.81
25,Female,80.3,1.62,192,110,70,0.9,553,Strength,30.2,3.38,4,1,30.74
38,Female,49.5,1.6,190,127,71,1.57,1087,Cardio,20.3,3.55,3,2,19.43
56,Female,66.9,1.63,175,111,66,1.56,747,Strength,20.9,3.66,4,3,25.12
36,Female,79.1,1.64,179,118,71,0.91,556,Cardio,33.4,3.85,2,1,29.53
40,Male,88.5,1.67,175,119,77,1.29,720,Strength,14.6,3.73,2,1,31.91
28,Male,84.5,1.78,184,108,59,1.17,854,HIIT,17.6,4.17,4,3,26.65
28,Female,62.6,1.54,193,139,68,1.19,1223,HIIT,24.7,3.99,4,2,26.26
41,Male,102.2,1.64,177,140,64,1.52,1646,HIIT,20.3,4.45,2,1,37.78
53,Female,68.1,1.68,180,134,71,1.48,1340,HIIT,23.3,3.96,3,1,24.2
57,Male,70.8,1.78,175,113,58,1.4,910,Cardio,18.7,3.98,4,2,22.26
41,Female,77.2,1.7,190,117,64,0.78,685,Cardio,28.8,3.31,2,1,26.69
20,Male,79.3,1.7,191,122,81,1.02,438,Strength,12.0,3.92,3,1,27.31
39,Male,82.9,1.72,180,123,52,1.48,1388,HIIT,14.5,3.14,5,3,28.06
19,Female,67.8,1.67,197,138,70,1.66,1548,HIIT,30.6,2.79,2,1,24.27
41,Male,85.0,1.72,174,104,72,0.68,410,Cardio,15.1,3.48,4,2,28.74
47,Female,51.3,1.61,174,124,84,0.84,407,Strength,15.3,3.28,2,1,19.7
55,Male,57.7,1.81,162,107,68,1.7,843,Cardio,16.4,3.64,5,2,17.54
19,Male,98.1,1.79,183,145,68,1.78,1958,HIIT,24.3,4.83,3,2,30.73
38,Female,68.5,1.64,193,105,71,1.13,330,Yoga,25.8,3.07,2,1,25.42
50,Male,88.8,1.82,179,130,73,1.84,1393,Cardio,24.1,4.73,3,2,26.66
29,Female,40.4,1.68,177,119,74,0.89,541,Strength,23.4,3.49,2,1,14.32
39,Female,79.9,1.69,188,104,60,0.92,458,Yoga,16.7,3.37,5,3,27.99
42,Female,57.7,1.65,175,142,70,1.73,1582,HIIT,22.5,4.0,4,3,21.23
44,Female,53.7,1.6,182,121,68,1.6,1013,Cardio,23.4,3.54,2,1,20.86
59,Female,64.1,1.66,174,140,61,1.6,1618,HIIT,29.1,3.92,4,1,23.18
45,Female,51.3,1.72,187,110,61,0.85,525,Strength,25.6,3.69,4,1,17.27
33,Male,78.0,1.93,180,119,66,1.37,1086,HIIT,24.4,4.01,4,2,20.99
32,Male,76.1,1.7,180,138,72,1.44,1226,HIIT,17.3,4.19,2,1,26.48
20,Male,92.8,1.71,174,136,77,1.26,954,Cardio,19.9,3.61,3,1,31.63
54,Male,99.2,1.81,172,129,75,1.66,1114,Cardio,22.5,4.77,3,1,30.32
24,Female,85.7,1.54,192,103,71,1.01,458,Yoga,32.3,4.46,2,1,36.32
38,Female,40.0,1.65,186,142,73,1.28,1075,Cardio,32.4,2.7,4,2,14.75
26,Male,64.9,1.85,195,127,71,1.23,916,HIIT,18.3,3.41,2,1,19.04
56,Male,46.2,1.73,174,72,59,1.59,315,Yoga,15.0,3.65,4,2,15.5
35,Male,61.3,1.83,186,140,62,1.08,1098,HIIT,9.9,3.55,2,1,18.26
21,Female,55.9,1.63,190,124,79,1.47,874,Cardio,37.7,2.96,4,1,20.98
42,Female,70.7,1.66,183,100,54,1.86,932,Strength,26.8,4.1,4,2,25.76
31,Male,70.7,1.73,179,94,62,1.27,440,Yoga,18.3,3.54,3,3,23.52
26,Female,58.1,1.68,179,150,85,1.24,1056,Cardio,27.8,3.02,3,2,20.54
43,Female,67.5,1.73,174,120,74,1.49,764,Yoga,27.7,4.29,2,1,22.69
19,Male,54.1,1.76,192,125,70,1.82,1207,HIIT,21.3,3.68,2,1,17.41
37,Female,53.3,1.66,174,112,53,1.67,1058,Strength,19.7,3.96,5,3,19.23
45,Female,58.0,1.65,174,157,81,0.87,941,HIIT,26.0,2.71,2,1,21.29
24,Male,75.2,1.56,184,133,78,1.22,929,Cardio,14.7,3.97,3,1,31.07
25,Male,79.1,1.74,192,122,67,1.79,1000,Strength,22.3,4.58,5,3,26.05
52,Male,99.0,1.63,178,136,63,1.17,1197,HIIT,17.3,4.09,5,3,37.3
31,Male,90.7,1.73,185,129,66,1.07,987,HIIT,24.4,3.76,4,3,30.38
34,Female,54.2,1.76,186,109,62,1.33,713,Strength,34.0,2.86,5,3,17.49
53,Female,61.3,1.64,176,127,57,1.68,1506,HIIT,15.5,3.39,5,3,22.86
57,Male,73.4,1.75,169,112,77,0.67,376,Strength,24.4,3.19,3,1,24.03
21,Male,70.8,1.77,186,123,71,0.91,721,Cardio,12.7,3.07,2,1,22.58
19,Male,81.8,1.81,200,115,70,1.4,986,Cardio,17.9,3.67,3,2,24.88
23,Male,52.0,1.85,174,142,66,1.68,1692,HIIT,18.6,3.61,3,2,15.21
59,Female,77.3,1.5,166,122,70,1.4,1006,Cardio,18.6,4.0,2,2,34.37
21,Male,101.7,1.76,188,121,71,1.28,821,Strength,15.8,4.74,3,1,32.93
46,Male,74.2,1.75,180,116,70,1.5,755,Strength,21.3,3.58,4,1,24.21
35,Male,73.9,1.71,189,100,67,1.86,603,Yoga,17.9,4.1,5,2,25.39
43,Female,67.2,1.81,190,139,89,1.67,918,Strength,22.4,3.68,3,1,20.59
51,Male,92.3,1.57,174,125,76,0.44,386,Cardio,16.0,3.41,3,1,37.52
27,Female,60.5,1.56,186,136,83,1.33,937,Cardio,17.5,3.38,6,2,24.79
53,Male,91.1,1.61,176,100,67,1.62,700,Yoga,11.0,4.22,4,2,35.24
31,Female,71.8,1.73,181,101,69,1.74,584,Yoga,25.6,4.08,3,1,24.0
48,Female,98.1,1.64,169,112,61,1.52,1010,Strength,29.9,4.24,2,2,36.46
32,Male,73.4,1.74,183,108,77,1.0,477,Yoga,22.6,4.06,5,2,24.25
25,Male,50.3,1.69,192,134,66,0.9,703,Cardio,28.7,2.36,3,1,17.57
31,Female,44.9,1.62,183,152,82,0.91,765,HIIT,29.6,3.37,2,1,17.15
40,Female,65.2,1.68,182,102,65,1.26,554,Strength,28.4,3.41,2,1,23.11
57,Male,92.4,1.76,160,135,76,0.98,841,Cardio,22.0,3.86,2,1,29.69
38,Male,68.9,1.77,181,95,53,0.38,244,Strength,16.9,3.1,6,3,21.99
33,Female,61.8,1.57,181,134,68,0.74,820,HIIT,19.4,3.46,2,1,25.14
35,Female,74.6,1.73,175,126,67,1.14,1102,HIIT,34.4,3.32,3,2,24.93
41,Male,64.5,1.83,183,104,67,0.67,431,Cardio,9.8,2.93,2,1,19.32
43,Female,56.4,1.68,190,105,70,0.73,264,Yoga,33.2,3.27,3,1,20.11
42,Male,61.7,1.69,185,110,66,2.02,1112,Cardio,17.3,3.27,3,2,21.65
58,Female,81.5,1.75,177,134,76,1.15,842,Cardio,22.1,3.81,2,1,26.64
46,Male,99.6,1.67,181,103,54,1.16,831,Strength,19.7,3.87,2,2,35.74
32,Male,55.9,1.74,188,98,68,1.38,421,Yoga,18.9,3.04,3,1,18.36
18,Male,76.0,1.82,180,159,79,1.55,1706,HIIT,16.1,3.29,2,1,23.03
42,Female,84.7,1.65,178,108,70,2.08,979,Strength,18.1,4.75,2,2,31.18
24,Male,83.6,1.94,191,129,79,1.75,1156,Cardio,12.2,4.29,2,1,22.23
26,Male,71.2,1.78,190,107,68,1.6,848,Strength,11.4,3.61,5,3,22.36
41,Male,56.4,1.77,187,131,60,0.76,715,Cardio,15.1,3.02,4,2,18.02
18,Female,81.1,1.77,185,141,75,0.8,724,Cardio,21.4,3.17,3,1,25.97
25,Female,70.0,1.67,191,109,72,1.01,386,Strength,27.7,3.29,3,1,25.18
41,Male,57.4,1.69,173,122,81,1.48,554,Strength,11.7,3.46,2,2,20.14
28,Female,81.7,1.68,185,121,72,1.33,924,Cardio,26.8,3.96,4,2,29.09
34,Female,42.6,1.7,183,118,74,0.63,346,Strength,33.7,2.89,2,1,14.67
25,Female,61.9,1.67,193,114,67,0.87,533,Cardio,23.9,2.54,5,3,22.31
52,Male,74.3,1.69,178,124,74,1.24,767,Cardio,19.0,3.89,3,1,26.04
52,Male,100.7,1.77,175,109,66,1.49,753,Yoga,11.8,3.72,4,3,32.24
50,Male,74.3,1.79,162,140,69,1.08,928,Cardio,26.7,3.81,3,1,23.18
22,Male,74.3,1.72,192,89,66,1.62,549,Yoga,13.5,3.87,4,3,24.99
59,Male,58.9,1.75,169,120,73,1.74,1143,Cardio,29.5,4.16,4,2,19.24
56,Female,56.0,1.6,180,127,77,1.26,655,Strength,21.6,3.11,3,1,21.78
58,Male,66.6,1.72,178,119,77,0.82,566,Cardio,20.9,3.64,2,1,22.47
45,Male,67.3,1.77,172,137,80,1.82,1279,Cardio,26.6,3.47,3,1,21.38
24,Female,65.1,1.53,191,122,70,1.39,756,Strength,19.0,3.68,6,3,27.93
26,Male,43.9,1.65,191,146,75,1.17,1037,HIIT,18.3,2.27,3,1,16.12
25,Female,43.9,1.61,191,123,64,0.92,670,Cardio,30.6,3.28,2,1,16.9
29,Female,63.4,1.69,188,104,60,0.92,456,Strength,26.9,4.01,6,2,22.15
51,Male,79.7,1.77,178,100,66,0.95,495,Yoga,19.8,3.38,4,2,25.48
50,Female,61.7,1.63,184,106,67,0.88,449,Strength,30.8,3.31,4,2,23.34
40,Female,64.4,1.6,177,144,75,0.25,299,HIIT,23.3,3.12,4,2,25.27
41,Female,59.3,1.72,174,122,54,1.1,925,Cardio,34.7,2.73,3,1,19.97
54,Male,77.7,1.82,178,126,57,1.84,1730,HIIT,5.9,3.86,4,3,23.4
52,Male,84.1,1.89,163,112,70,0.81,474,Strength,24.9,3.34,3,1,23.58
57,Female,71.0,1.6,175,121,65,2.05,1094,Strength,33.2,5.0,3,1,27.64
39,Male,68.4,1.78,183,146,62,1.79,1964,HIIT,13.1,4.36,3,2,21.68
44,Male,90.8,1.7,164,114,64,1.29,736,Strength,9.7,4.0,3,2,31.59
52,Male,80.2,1.65,170,117,65,0.76,510,Strength,18.3,3.87,2,1,29.3
18,Female,82.3,1.69,200,102,62,0.74,445,Yoga,27.0,3.67,2,2,28.81
52,Male,98.1,1.67,165,114,79,1.11,560,Strength,17.8,4.36,2,1,35.07
54,Female,44.8,1.7,174,127,75,1.17,739,Cardio,30.0,2.68,2,1,15.5
31,Female,53.0,1.61,178,99,68,1.38,524,Yoga,32.2,3.94,4,3,20.35
20,Female,76.4,1.7,186,133,71,1.52,1155,Cardio,20.7,3.63,3,1,26.31
18,Female,41.7,1.66,202,148,77,1.67,1634,HIIT,17.7,3.05,4,1,15.12
22,Female,84.9,1.86,190,132,68,1.62,1488,HIIT,22.2,4.41,5,3,24.58
43,Female,60.2,1.63,182,110,67,1.63,727,Strength,19.1,3.82,5,3,22.76
31,Male,86.1,1.77,184,98,63,1.19,562,Strength,14.6,3.94,4,2,27.58
56,Female,63.4,1.6,163,119,64,1.3,830,Cardio,31.3,3.88,2,2,24.86
44,Male,58.5,1.73,171,120,73,1.44,892,Cardio,16.4,3.07,2,2,19.52
26,Male,92.8,1.86,194,116,60,1.34,1203,HIIT,14.4,4.9,5,3,26.93
32,Male,116.5,1.77,185,117,55,1.68,1358,Cardio,12.3,4.64,5,3,37.2
32,Female,57.8,1.72,179,123,68,0.78,420,Strength,27.3,3.09,3,1,19.44
43,Male,73.5,1.78,178,141,80,0.89,850,HIIT,20.8,4.25,2,1,23.26
59,Female,40.0,1.54,174,116,64,0.93,623,HIIT,38.9,2.57,2,2,16.91
30,Female,83.9,1.57,188,110,69,1.07,563,Strength,26.4,4.23,2,2,33.88
49,Female,77.8,1.5,171,119,63,1.2,820,Strength,30.8,3.69,3,2,34.56
56,Female,40.7,1.7,163,111,72,1.66,637,Yoga,25.9,2.97,4,2,14.12
49,Female,40.0,1.56,173,127,66,1.46,1202,HIIT,12.4,3.02,4,3,16.45
21,Female,40.0,1.63,196,97,62,0.7,300,Yoga,24.7,2.95,4,1,15.09
47,Female,74.0,1.62,182,104,73,0.66,360,Strength,28.9,3.78,4,1,28.24
54,Female,75.4,1.73,175,99,61,1.0,506,Cardio,31.1,3.7,4,1,25.08
40,Female,52.1,1.64,179,139,68,1.44,1219,Cardio,28.6,2.77,2,1,19.46
56,Female,72.0,1.69,169,123,71,1.64,993,Strength,32.1,4.18,3,1,25.31
32,Male,80.2,1.88,183,147,82,0.59,620,HIIT,12.2,3.4,2,1,22.67
46,Male,72.9,1.96,182,131,69,1.43,1213,HIIT,17.2,3.37,4,2,18.97
53,Male,91.6,1.77,180,109,58,1.31,1089,HIIT,21.1,4.26,4,3,29.28
30,Male,61.1,1.77,183,121,65,1.19,731,Strength,12.1,3.89,5,2,19.54
49,Female,81.1,1.5,191,129,73,0.93,805,HIIT,30.6,3.68,3,2,36.03
24,Female,54.8,1.69,189,137,66,1.07,1034,HIIT,32.8,3.61,2,1,19.19
39,Female,89.9,1.57,178,110,74,0.91,498,Yoga,18.8,4.03,6,2,36.52
45,Male,63.9,1.81,186,112,64,1.21,702,Strength,18.7,3.69,4,2,19.45
19,Female,60.1,1.67,178,100,62,1.7,746,Strength,25.8,3.6,2,2,21.55
59,Female,65.8,1.67,173,123,68,1.37,1150,HIIT,26.6,3.97,2,1,23.62
23,Female,65.7,1.67,188,119,61,1.82,1243,Cardio,19.9,4.27,2,1,23.5
45,Female,71.9,1.53,186,124,58,1.33,1165,HIIT,26.2,4.05,3,1,30.58
45,Female,47.0,1.73,181,122,67,1.36,960,Cardio,24.2,3.13,4,2,15.68
37,Male,77.5,1.65,182,100,63,1.64,640,Yoga,6.0,4.43,5,3,28.46
47,Female,66.9,1.58,180,85,65,1.18,300,Yoga,16.0,3.7,5,3,26.94
28,Male,70.6,1.8,180,109,66,0.57,330,Yoga,12.4,2.87,4,2,21.7
45,Male,83.7,1.78,183,126,81,1.58,774,Strength,11.8,3.97,5,2,26.36
42,Female,46.2,1.65,171,138,64,0.82,850,HIIT,24.1,2.7,3,3,16.92
56,Male,73.4,1.72,174,82,63,1.54,304,Yoga,24.1,3.1,2,1,24.92
50,Female,54.5,1.65,175,124,64,1.41,1061,Cardio,25.9,3.84,2,1,20.0
18,Male,73.5,1.83,180,102,63,1.15,472,Yoga,18.3,4.9,6,3,21.98
44,Female,85.3,1.59,178,111,68,1.0,579,Cardio,32.3,4.29,2,1,33.54
30,Male,98.5,1.89,187,106,56,1.45,1070,Cardio,14.1,4.41,3,3,27.49
58,Female,82.8,1.62,167,103,63,1.13,750,Strength,24.5,3.63,5,3,31.74
20,Female,58.5,1.63,184,139,67,1.49,1447,HIIT,23.9,3.19,3,2,22.1
56,Male,90.7,1.72,175,123,73,1.67,963,Strength,8.9,4.38,4,3,30.5
23,Female,66.6,1.5,191,110,62,0.79,379,Yoga,21.3,3.69,6,2,29.53
25,Female,65.6,1.74,189,114,64,1.01,636,Strength,26.6,3.15,4,2,21.64
44,Male,76.9,1.95,178,142,81,1.14,957,Cardio,18.9,4.75,2,1,20.21
26,Male,102.6,1.72,184,147,73,1.55,1619,HIIT,23.2,3.93,2,1,34.57
54,Male,97.1,1.73,187,104,65,1.38,680,Yoga,10.1,4.36,3,1,32.62
50,Female,75.4,1.74,173,125,63,0.48,633,HIIT,16.8,3.32,4,2,24.87
59,Female,62.6,1.6,165,114,64,1.05,630,Cardio,19.9,3.38,3,1,24.54
41,Female,65.6,1.64,180,125,71,1.32,926,Cardio,28.3,3.38,3,1,24.47
32,Male,85.4,1.79,183,148,77,0.87,833,HIIT,12.6,3.76,2,1,26.77
49,Male,70.7,1.68,174,106,77,0.99,332,Yoga,18.6,3.33,2,2,24.91
49,Female,78.1,1.7,187,114,54,1.19,985,Cardio,26.3,4.29,4,3,27.12
41,Male,65.1,1.71,173,126,68,1.34,972,Cardio,22.1,4.25,4,3,22.25
58,Male,83.5,1.57,171,123,68,0.96,739,HIIT,24.0,3.59,4,2,34.06
29,Female,40.0,1.74,179,114,61,1.68,967,Strength,19.0,2.65,5,3,13.21
56,Female,57.3,1.59,169,100,64,1.0,367,Yoga,16.7,3.37,3,2,22.68
19,Female,94.1,1.71,201,99,55,0.94,660,Strength,21.8,4.06,4,2,32.24
20,Female,79.5,1.76,192,120,71,1.16,743,Strength,29.9,3.83,3,2,25.71
54,Female,86.5,1.61,175,124,63,1.67,1376,HIIT,25.6,4.45,5,1,33.28
34,Female,55.7,1.61,177,116,59,1.63,1162,Cardio,,4.14,5,3,21.57
19,Male,79.5,1.82,188,121,74,1.36,795,Strength,16.7,4.24,2,1,23.97
19,Male,95.9,1.68,201,113,60,1.25,1037,HIIT,27.4,4.38,4,1,34.01
45,Male,86.9,1.71,180,113,59,0.97,736,Cardio,11.9,4.12,3,2,29.82
40,Male,85.1,1.74,178,122,78,0.93,516,Strength,19.8,3.86,2,1,27.96
54,Female,87.8,1.71,176,112,72,0.87,442,Yoga,33.0,3.4,5,1,29.9
49,Male,63.4,1.79,177,118,63,1.68,966,Strength,26.2,4.36,4,2,19.72
50,Male,75.4,1.67,170,116,72,1.25,736,Strength,16.0,3.8,3,1,26.9
18,Male,53.4,1.77,189,113,71,0.72,308,Strength,21.8,2.62,4,2,16.98
36,Male,62.7,1.64,196,109,74,1.81,817,Strength,13.8,3.39,3,2,23.3
19,Female,80.0,1.59,193,88,60,1.18,527,Yoga,31.9,3.44,3,2,31.47
43,Male,65.2,1.88,169,93,61,1.53,473,Yoga,25.6,3.23,3,2,18.36
49,Female,75.3,1.69,179,115,71,1.67,1040,Cardio,20.6,4.28,5,2,26.51
23,Male,101.2,1.81,196,113,71,0.4,312,Yoga,20.3,3.69,4,2,30.94
49,Female,62.5,1.59,170,126,59,1.46,1386,HIIT,30.6,3.94,5,2,24.61
21,Female,72.3,1.59,187,108,61,1.21,645,Strength,23.5,4.14,3,2,28.71
28,Male,88.4,1.64,195,101,66,0.45,395,Yoga,19.7,3.9,3,2,32.95
34,Female,47.9,1.79,183,113,63,1.05,507,Strength,25.5,3.34,3,3,15.01
55,Male,69.4,1.81,172,141,71,0.99,1061,HIIT,29.5,3.6,3,1,21.28
41,Male,63.9,1.74,171,134,63,1.45,1460,HIIT,9.6,3.57,4,1,21.08
22,Female,57.5,1.77,195,116,63,1.39,825,Cardio,22.2,3.43,4,3,18.45
51,Male,88.0,1.86,173,114,67,1.2,835,Strength,13.2,4.21,3,1,25.33
23,Male,69.7,1.76,175,113,64,1.03,691,Strength,19.6,3.13,2,1,22.54
39,Female,64.5,1.63,171,114,67,1.68,754,Strength,21.1,3.78,3,2,24.26
28,Male,63.4,1.71,183,132,70,1.33,991,Cardio,18.2,3.27,3,1,21.61
33,Female,82.2,1.65,177,151,76,1.21,1345,HIIT,23.1,4.34,2,1,30.17
50,Male,70.4,1.81,170,116,58,1.05,856,Cardio,15.3,3.82,4,3,21.52
26,Female,86.3,1.71,201,109,68,1.34,718,Strength,30.4,4.89,3,2,29.64
23,Female,65.9,1.68,193,101,62,2.12,809,Yoga,25.6,3.79,3,1,23.33
33,Female,45.3,1.7,168,119,61,1.73,1109,Cardio,29.7,3.18,4,3,15.64
46,Female,62.6,1.65,175,123,66,1.19,965,HIIT,27.7,3.49,5,3,22.93
20,Male,63.1,1.69,189,142,74,1.8,1561,HIIT,29.7,3.55,2,1,21.98
37,Female,73.3,1.75,173,118,74,0.88,541,Strength,29.6,3.71,2,1,23.93
53,Male,74.3,1.77,177,122,68,1.7,1074,Strength,14.2,3.99,3,3,23.74
36,Male,80.3,1.84,170,123,64,1.28,1037,Cardio,9.1,3.68,2,2,23.64
43,Male,72.8,1.73,185,107,70,1.36,554,Yoga,13.1,4.21,4,2,24.31
20,Female,57.2,1.66,199,129,74,1.53,1082,Cardio,21.5,2.82,6,3,20.89
36,Male,64.4,1.71,196,82,64,1.21,381,Yoga,16.6,3.73,4,2,21.98
37,Female,76.7,1.71,172,134,79,1.01,959,HIIT,39.2,3.42,4,1,26.38
49,Female,62.6,1.61,167,126,72,0.84,700,Cardio,24.0,3.58,5,2,24.01
24,Female,60.6,1.74,192,146,69,0.76,886,HIIT,18.7,3.59,2,1,19.93
58,Male,75.2,1.66,178,126,66,1.42,1134,Cardio,20.3,2.95,5,2,27.22
50,Female,55.5,1.65,180,148,68,1.06,1160,HIIT,28.0,3.16,3,2,20.3
57,Male,73.6,1.76,178,132,76,0.83,653,Cardio,17.2,3.49,2,1,23.8
56,Male,80.9,1.81,180,104,69,2.29,825,Yoga,27.6,3.55,3,2,24.61
35,Male,63.5,1.68,184,134,68,2.02,1597,Cardio,10.0,4.07,2,1,22.54
57,Male,65.5,1.66,170,123,59,1.35,1207,HIIT,25.7,3.41,3,1,23.65
18,Female,84.3,1.6,183,111,71,1.55,759,Strength,23.5,3.63,3,2,32.74
28,Female,59.9,1.72,184,117,59,0.87,662,Cardio,22.7,2.96,3,1,20.37
45,Male,70.3,1.82,177,116,59,0.89,609,Strength,29.0,3.11,4,2,21.12
42,Male,59.2,1.79,173,110,69,1.03,604,Strength,23.2,3.07,3,1,18.49
40,Male,89.9,1.79,180,100,60,1.3,666,Yoga,15.5,4.15,5,2,27.92
48,Male,63.2,1.74,170,129,65,1.7,1518,HIIT,12.9,4.18,6,3,20.84
47,Female,64.8,1.54,183,117,65,0.66,409,Strength,26.4,3.16,5,2,27.45
59,Male,54.1,1.68,173,130,72,2.05,1356,Cardio,14.7,4.25,4,2,19.1
52,Male,89.5,1.8,171,105,53,1.54,1045,Cardio,21.0,3.79,5,3,27.64
24,Male,94.5,1.65,189,114,67,0.61,459,Strength,19.9,3.82,3,1,34.77
33,Female,71.8,1.66,177,116,71,1.21,783,Strength,32.6,4.5,3,1,26.2
43,Female,43.5,1.63,172,120,71,0.83,500,Strength,28.5,2.23,2,1,16.33
19,Female,76.7,1.69,187,123,75,0.81,618,Cardio,31.8,2.87,2,1,27.03
18,Female,53.4,1.5,190,101,58,1.08,525,Strength,29.2,3.73,5,3,23.74
29,Female,48.6,1.58,186,130,68,1.06,954,HIIT,35.9,3.2,4,1,19.53
22,Male,72.6,1.78,190,128,70,2.04,1550,Cardio,19.5,3.94,2,2,22.92
54,Female,59.4,1.68,165,91,54,1.33,597,Strength,20.7,3.03,4,2,21.05
49,Female,57.9,1.73,175,137,73,1.39,1187,HIIT,26.6,3.48,2,1,19.26
26,Female,82.8,1.57,182,101,72,1.63,538,Yoga,24.9,4.19,3,2,33.69
58,Female,93.2,1.73,151,108,63,1.1,660,Strength,24.6,4.08,4,1,31.06
52,Female,45.8,1.6,192,95,65,0.89,305,Yoga,21.3,2.49,3,2,17.94
36,Female,55.4,1.62,177,147,80,0.59,571,HIIT,,2.83,2,1,21.07
33,Female,67.0,1.67,179,121,67,1.31,854,Cardio,17.6,3.4,6,3,24.0
20,Female,59.6,1.62,182,120,66,1.85,1049,Strength,16.6,4.06,4,3,22.81
37,Female,70.6,1.71,175,135,77,1.48,1078,Cardio,19.0,3.37,4,1,24.21
41,Female,77.8,1.6,178,118,82,1.24,581,Strength,29.9,3.83,2,1,30.34
50,Male,88.5,1.73,183,107,67,1.44,828,Strength,18.7,5.0,2,2,29.48
41,Female,73.5,1.7,178,103,69,1.1,475,Yoga,25.9,3.17,2,1,25.34
28,Male,101.2,1.8,184,124,69,1.28,1033,Cardio,19.5,3.99,4,3,31.17
25,Female,42.8,1.65,195,107,66,1.04,538,Strength,20.0,2.94,2,2,15.75
53,Female,85.7,1.51,170,123,65,0.63,550,Strength,29.4,2.42,3,1,37.41
55,Female,59.2,1.76,173,115,60,2.08,1194,Strength,22.8,3.36,5,3,19.17
57,Male,89.0,1.69,166,91,69,1.36,384,Yoga,13.3,4.22,3,2,30.98
37,Male,63.6,1.73,192,111,60,1.3,797,Strength,12.0,3.48,4,3,21.35
52,Male,65.3,1.68,180,126,61,2.09,1756,HIIT,11.7,4.48,4,3,23.0
42,Female,74.3,1.55,178,123,65,1.85,1116,Strength,28.8,4.0,2,1,30.88
52,Male,51.0,1.75,172,115,80,2.11,872,Strength,22.5,3.66,2,1,16.71
42,Male,91.9,1.76,179,142,61,1.36,1458,HIIT,12.4,3.87,4,3,29.64
46,Male,95.6,1.84,176,107,59,1.49,1090,Cardio,10.9,4.17,4,3,28.39
35,Female,67.5,1.55,173,125,67,1.38,1104,Cardio,28.2,3.19,2,1,27.99
35,Female,67.0,1.55,189,98,68,2.03,588,Yoga,14.2,4.0,3,3,27.9
19,Male,66.3,1.67,189,115,70,1.32,809,Strength,17.2,3.23,4,2,23.72
52,Male,87.4,1.79,185,119,68,0.81,656,HIIT,27.3,3.25,5,1,27.39
33,Female,69.9,1.58,186,138,63,1.19,1294,HIIT,19.0,3.36,4,3,27.93
58,Female,52.1,1.54,156,119,73,1.56,779,Strength,26.6,3.66,4,1,21.92
53,Female,59.5,1.77,166,105,59,1.67,734,Strength,27.6,3.75,5,3,19.01
50,Male,75.8,1.91,162,128,62,1.09,801,Strength,23.3,3.94,3,1,20.74
21,Female,59.5,1.66,182,126,70,1.22,755,Strength,25.3,3.05,3,2,21.62
50,Male,58.9,1.69,165,127,67,1.09,971,HIIT,19.2,3.33,2,1,20.53
31,Female,74.8,1.65,186,130,70,1.73,1391,HIIT,18.8,4.71,5,2,27.54
38,Female,61.6,1.58,179,119,69,1.02,598,Strength,27.5,3.9,2,2,24.75
37,Male,78.2,1.71,186,132,71,0.73,693,Cardio,12.8,2.99,2,1,26.79
25,Male,69.9,1.85,187,126,64,1.94,1290,Strength,6.7,3.66,5,2,20.5
24,Female,71.7,1.74,187,105,63,1.31,749,Cardio,30.0,4.4,4,2,23.79
20,Female,67.8,1.54,202,135,64,1.12,1096,HIIT,29.4,3.71,2,1,28.5
34,Female,82.0,1.65,184,121,59,1.68,1350,Cardio,26.9,4.07,4,3,29.94
50,Female,71.7,1.7,175,133,74,0.8,721,HIIT,23.8,3.29,3,1,24.75
29,Female,62.2,1.65,180,107,75,1.56,440,Yoga,27.3,3.77,4,2,22.83
39,Female,54.6,1.66,173,97,75,1.17,296,Yoga,22.8,3.39,4,2,19.88
39,Male,90.1,1.73,185,112,68,1.69,929,Strength,15.4,4.1,4,2,30.13
47,Female,61.0,1.66,181,116,79,0.61,304,Yoga,32.4,3.02,3,1,22.25
55,Male,75.6,1.69,182,117,69,1.31,607,Yoga,18.8,3.57,3,1,26.62
55,Male,75.6,1.82,175,137,59,1.22,1244,HIIT,13.5,3.81,5,2,22.7
25,Female,59.4,1.65,185,119,79,1.05,519,Strength,18.2,3.02,3,2,21.89
44,Male,75.8,1.64,181,126,66,1.72,1135,Strength,16.3,3.54,5,3,28.21
44,Male,105.0,1.53,178,77,58,1.25,371,Yoga,22.3,4.94,2,2,44.89
51,Male,63.3,1.84,180,130,80,1.31,831,Cardio,15.6,3.52,2,1,18.81
38,Female,53.6,1.67,189,113,67,1.59,728,Strength,30.9,4.2,3,1,19.26
47,Male,97.4,1.77,175,135,68,1.43,1373,HIIT,14.8,3.53,2,1,31.19
50,Male,72.8,1.62,186,133,77,0.77,736,Cardio,23.2,2.84,2,1,27.56
45,Male,71.7,1.85,185,130,79,0.96,631,Strength,19.7,3.7,4,1,20.86
50,Male,92.5,1.95,175,112,65,1.31,692,Strength,20.8,4.11,4,1,24.24
22,Male,58.1,1.76,193,123,80,1.43,603,Yoga,16.0,3.06,5,1,18.66
36,Male,89.5,1.74,184,137,76,1.01,946,Cardio,21.3,4.35,4,1,29.48
21,Female,65.6,1.62,190,99,66,1.22,368,Yoga,24.5,3.2,5,1,25.02
52,Male,84.5,1.81,185,132,70,1.22,939,Cardio,17.4,4.4,3,1,25.72
34,Male,84.2,1.8,186,152,80,1.27,1182,Cardio,11.9,3.92,2,1,26.13
45,Male,69.2,1.83,172,92,62,0.74,326,Yoga,15.6,2.9,2,1,20.66
47,Male,92.7,1.7,170,136,75,0.8,745,Strength,14.4,3.57,5,2,32.09
46,Female,57.3,1.67,171,136,76,0.36,389,HIIT,29.1,3.41,3,1,20.62
23,Female,70.7,1.65,191,140,74,1.19,1047,Cardio,30.5,3.51,3,1,25.84
52,Male,95.3,1.67,172,116,72,0.67,596,Strength,16.5,4.2,2,1,34.37
58,Male,97.3,1.75,173,144,83,1.9,1402,Cardio,18.7,5.0,2,1,31.89
54,Male,74.3,1.68,179,133,84,1.38,841,Strength,27.9,3.78,3,1,26.43
41,Female,71.5,1.59,192,114,63,0.89,694,HIIT,25.7,3.37,2,2,28.45
46,Female,60.0,1.66,175,151,71,1.7,1632,HIIT,22.3,3.56,4,2,21.71
48,Female,100.1,1.62,168,130,82,1.55,1056,Cardio,19.1,4.57,4,1,38.28
52,Male,88.9,1.7,185,104,66,1.58,800,Strength,15.2,4.83,2,1,30.71
50,Female,66.2,1.59,166,94,64,1.17,323,Yoga,18.0,3.03,3,3,26.15
38,Male,82.4,1.71,172,152,77,1.4,1276,Cardio,29.4,4.08,3,1,28.23
49,Male,83.7,1.65,186,104,59,1.58,915,Cardio,15.3,4.19,4,1,30.77
40,Male,84.1,1.79,186,134,68,2.0,1826,HIIT,14.8,3.66,4,3,26.29
50,Male,74.6,1.73,178,112,56,0.92,705,HIIT,16.4,3.19,3,3,24.91
20,Female,59.5,1.73,190,129,72,1.07,879,HIIT,33.0,3.06,4,1,19.89
35,Female,62.9,1.63,181,126,74,1.0,634,HIIT,25.0,3.66,3,2,23.53
42,Male,62.0,1.64,175,95,57,1.8,665,Yoga,16.9,4.2,2,1,22.96
59,Female,75.1,1.6,169,123,76,1.32,755,Strength,24.6,3.04,3,1,29.35
48,Female,53.8,1.74,176,125,79,1.61,878,Cardio,26.8,3.8,3,2,17.67
20,Female,50.2,1.58,182,130,68,1.32,1066,Cardio,24.1,3.5,2,1,20.01
57,Female,64.8,1.65,167,117,74,1.28,397,Yoga,22.0,3.8,2,1,23.82
41,Female,63.2,1.68,167,139,71,1.15,1085,HIIT,19.9,3.51,6,3,22.33
49,Female,68.5,1.67,176,127,53,1.29,1377,HIIT,15.9,4.02,6,3,24.52
39,Female,57.0,1.8,181,138,76,1.18,1019,HIIT,36.8,3.82,3,1,17.58
40,Male,72.5,1.77,191,141,73,1.07,1127,HIIT,20.0,2.94,2,2,23.16
19,Male,87.7,1.71,193,133,71,1.01,936,HIIT,25.1,3.84,4,2,29.87
44,Female,73.8,1.55,175,107,64,1.38,795,Cardio,24.9,3.7,5,3,30.78
59,Male,86.3,1.74,169,132,65,0.94,1038,HIIT,27.1,3.56,2,1,28.6
19,Female,65.5,1.71,193,128,79,1.17,735,Strength,29.3,3.33,3,1,22.47
43,Male,80.4,1.8,180,126,71,0.99,914,Cardio,,3.78,4,1,24.84
34,Male,81.2,1.66,186,134,66,0.91,944,HIIT,8.8,3.15,3,1,29.53
57,Male,68.8,1.91,174,145,69,0.83,933,HIIT,14.9,3.64,2,1,18.84
50,Male,98.6,1.88,173,122,69,1.3,939,Cardio,17.2,4.11,4,2,28.01
26,Female,83.6,1.51,184,105,58,1.61,988,Cardio,25.3,4.49,4,2,36.81
56,Female,76.1,1.52,168,104,71,1.38,579,Yoga,27.1,3.6,3,1,32.81
46,Female,59.0,1.58,171,98,64,0.77,334,Yoga,27.3,2.87,5,2,23.55
59,Female,72.5,1.62,164,152,79,1.45,1390,HIIT,30.0,3.44,3,1,27.71
43,Male,91.7,1.77,190,108,52,1.68,1190,Cardio,18.8,4.1,5,3,29.14
52,Female,47.9,1.69,175,115,69,1.76,960,Cardio,,3.19,5,3,16.84
42,Female,88.7,1.57,178,133,72,1.83,1344,Cardio,28.5,4.55,3,3,35.94
41,Female,40.6,1.66,177,112,52,1.2,827,Cardio,28.6,3.45,5,3,14.78
30,Male,87.9,1.72,188,117,61,1.05,774,Cardio,20.4,4.04,2,1,29.71
24,Female,85.3,1.76,195,155,82,1.78,1731,HIIT,37.9,4.24,4,1,27.52
53,Male,76.4,1.65,178,119,62,1.91,1244,Strength,23.8,4.37,4,2,27.97
37,Female,62.9,1.7,187,127,82,1.42,737,Strength,18.5,3.6,4,3,21.84
18,Female,74.3,1.73,187,108,60,1.36,1016,Cardio,29.5,3.81,2,1,24.92
25,Male,103.9,1.73,187,127,72,1.39,1013,Cardio,10.3,4.29,2,1,34.56
33,Female,61.1,1.59,180,132,63,2.07,1878,HIIT,14.1,4.3,5,3,24.03
31,Female,54.1,1.79,185,104,70,1.27,456,Yoga,25.0,2.32,2,1,16.96
29,Male,72.1,1.81,193,131,74,0.73,713,HIIT,15.1,2.53,3,1,22.0
40,Female,43.3,1.5,183,119,70,1.13,572,Strength,22.5,3.45,2,2,19.23
32,Female,77.6,1.62,194,102,70,2.25,822,Strength,29.1,4.32,4,1,29.5
45,Male,70.8,1.64,176,110,65,0.71,490,Strength,25.6,3.71,3,1,26.17
51,Male,75.1,1.7,170,128,73,1.32,813,Strength,22.9,3.55,4,2,25.87
19,Male,90.7,1.67,194,143,71,2.11,1924,HIIT,19.1,5.0,5,2,32.38
49,Male,72.7,1.73,176,89,64,1.17,566,Cardio,9.1,3.6,5,3,24.42
40,Male,88.6,1.85,182,108,75,0.25,334,Yoga,16.7,3.6,2,1,25.77
39,Female,50.5,1.59,182,136,76,0.26,264,Cardio,30.7,2.49,3,1,19.87
42,Male,91.4,1.72,176,88,62,1.02,431,Yoga,12.9,3.58,2,2,30.91
39,Male,82.8,1.75,182,132,70,0.68,768,HIIT,10.7,2.87,5,2,27.07
39,Female,63.8,1.63,186,113,68,1.51,724,Yoga,30.0,4.0,2,1,23.89
59,Female,66.8,1.64,177,116,72,1.39,725,Strength,24.8,3.83,2,2,24.95
23,Male,60.0,1.79,186,148,70,0.4,485,HIIT,18.4,2.98,2,1,18.65
32,Male,79.5,1.82,185,104,75,0.59,409,Yoga,25.0,2.99,3,1,23.98
54,Male,76.0,1.83,182,134,68,1.58,1285,Cardio,24.9,4.53,4,1,22.69
50,Female,47.4,1.54,172,130,75,1.22,811,Cardio,36.4,3.22,3,1,20.06
25,Male,68.6,1.8,184,93,65,1.65,516,Yoga,16.2,4.14,2,1,21.28
22,Female,63.2,1.64,194,113,67,1.69,781,Yoga,27.1,3.78,2,2,23.59
56,Female,56.5,1.59,176,111,73,0.9,448,Strength,25.1,2.73,5,2,22.28
21,Male,44.2,1.92,184,108,66,1.76,837,Strength,16.2,3.84,5,3,12.03
23,Female,80.1,1.63,180,141,72,1.35,1294,HIIT,21.8,4.09,2,1,30.31
49,Female,63.0,1.64,177,138,82,0.46,463,Cardio,20.5,2.96,2,1,23.38
47,Male,46.2,1.74,174,127,77,0.67,361,Strength,19.3,3.0,3,1,15.24
52,Female,94.9,1.5,164,128,76,2.0,1388,Cardio,23.3,4.92,3,1,42.17
57,Female,82.4,1.5,167,126,71,0.98,805,HIIT,29.7,4.0,3,2,36.61
33,Female,60.1,1.67,187,122,72,1.44,930,Cardio,17.5,2.88,2,2,21.52
30,Female,53.2,1.65,184,123,77,1.23,447,Yoga,17.9,2.71,2,2,19.57
59,Female,70.6,1.66,180,112,68,1.21,734,Cardio,25.4,3.93,2,1,25.61
47,Female,67.8,1.64,164,125,77,1.11,560,Yoga,19.8,3.24,2,1,25.24
36,Female,72.6,1.65,190,137,69,1.64,1465,HIIT,33.4,3.52,5,2,26.82
34,Female,53.2,1.7,181,112,69,1.48,701,Strength,26.6,3.6,2,1,18.47
36,Female,80.4,1.66,179,98,66,1.34,604,Strength,22.0,3.48,2,2,29.13
45,Female,58.4,1.7,168,97,64,1.13,516,Strength,24.8,3.15,3,3,20.13
43,Male,87.5,1.93,181,111,66,0.95,611,Strength,23.9,4.16,2,1,23.49
54,Male,66.8,1.71,162,133,72,0.75,790,HIIT,18.0,2.68,2,2,22.87
43,Male,115.1,1.81,183,122,66,1.18,1048,Cardio,16.7,3.96,3,2,34.99
40,Male,87.7,1.62,171,121,72,0.53,403,Yoga,14.6,2.93,2,1,33.43
26,Male,118.4,1.71,179,134,75,1.38,1067,Cardio,20.2,4.35,5,2,40.47
29,Female,76.6,1.64,178,126,72,1.25,868,Cardio,34.6,3.81,3,1,28.39
18,Male,70.1,1.86,187,138,80,1.5,827,Strength,18.4,3.56,5,1,20.24
18,Female,76.6,1.62,197,113,64,0.87,565,Strength,20.8,4.16,3,2,29.1
51,Male,90.6,1.81,184,117,56,1.05,889,Strength,15.4,4.12,2,3,27.57
49,Female,70.2,1.67,172,99,69,1.68,582,Yoga,27.5,3.91,4,1,25.04
42,Female,73.8,1.69,179,100,54,0.67,512,Cardio,21.4,3.89,3,1,25.9
57,Male,88.7,1.76,174,107,68,2.17,1062,Cardio,12.0,4.04,5,3,28.48
18,Female,51.1,1.66,189,121,57,1.13,994,HIIT,31.4,3.55,3,3,18.52
33,Male,63.1,1.66,186,118,63,0.98,926,HIIT,10.3,3.26,3,2,22.89
56,Female,53.9,1.56,172,120,75,1.44,901,Cardio,24.0,3.26,3,1,22.17
22,Male,79.8,1.67,187,107,64,1.64,693,Yoga,9.8,4.32,4,3,28.57
39,Female,61.9,1.65,172,102,68,1.72,594,Strength,23.2,3.6,2,1,22.8
46,Male,64.3,1.86,178,121,55,0.64,795,HIIT,14.8,3.24,6,2,18.51
20,Female,75.9,1.61,196,143,79,1.34,1164,HIIT,29.7,3.78,3,1,29.18
29,Female,69.0,1.61,181,137,71,1.28,1207,HIIT,31.5,3.77,4,2,26.68
43,Male,80.4,1.84,167,159,83,0.77,802,HIIT,20.5,3.37,4,1,23.77
33,Male,74.4,1.72,182,115,67,1.81,1074,Cardio,16.1,4.44,3,1,25.12
54,Male,72.7,1.71,182,138,62,1.23,1198,HIIT,27.2,2.87,2,1,24.87
39,Male,66.2,1.68,188,111,77,1.13,443,Strength,9.2,3.76,4,1,23.51
46,Female,78.1,1.61,174,126,66,1.46,1055,Cardio,28.4,3.18,4,2,30.3
31,Male,68.2,1.78,187,127,67,0.85,659,Strength,9.4,3.07,4,3,21.55
45,Male,80.9,1.75,181,106,73,1.01,592,HIIT,14.2,3.93,5,3,26.47
22,Male,101.3,1.7,198,138,73,1.03,1211,HIIT,22.3,3.34,2,1,35.04
47,Female,60.3,1.68,167,122,68,1.41,1015,Cardio,17.0,3.62,4,2,21.35
22,Male,91.4,1.76,183,104,68,1.75,747,Yoga,17.7,3.83,4,2,29.57
29,Male,86.0,1.71,173,140,61,0.84,1033,HIIT,20.6,3.34,4,1,29.31
33,Male,82.4,1.73,179,127,78,0.76,612,Cardio,26.8,3.2,2,1,27.38
43,Male,84.0,1.77,185,113,74,1.48,802,Strength,30.6,3.53,4,2,26.69
43,Female,63.7,1.73,175,102,66,1.4,375,Yoga,14.7,2.92,6,3,21.38
38,Male,78.5,1.63,173,115,58,0.63,483,Strength,24.1,4.28,3,2,29.64
56,Male,70.3,1.93,173,129,70,0.83,606,Cardio,19.3,3.33,3,1,18.81
53,Female,65.6,1.62,175,111,76,1.24,360,Yoga,21.0,3.06,6,2,24.92
50,Female,56.8,1.58,169,131,68,1.1,919,HIIT,29.3,3.07,3,1,22.87
47,Male,92.1,1.63,173,93,74,1.33,341,Yoga,10.5,4.15,2,2,34.49
54,Female,41.2,1.63,174,137,67,0.84,873,HIIT,18.8,2.68,3,2,15.48
40,Female,71.7,1.67,184,129,75,1.1,721,Strength,18.8,3.09,3,1,25.78
27,Male,82.7,1.84,183,110,61,1.78,998,Cardio,17.2,3.86,5,3,24.36
22,Female,68.4,1.6,184,103,72,0.25,245,Yoga,29.1,3.49,3,1,26.78
53,Female,79.3,1.71,185,106,66,1.35,625,Strength,18.4,3.34,6,3,27.25
51,Male,74.0,1.81,173,137,65,0.57,676,HIIT,27.1,2.52,2,1,22.54
48,Male,81.6,1.56,177,125,73,1.14,847,Cardio,16.2,3.66,2,1,33.55
27,Male,54.0,1.63,190,102,55,0.62,353,Strength,25.9,2.18,2,1,20.2
36,Female,59.2,1.65,171,120,67,1.2,735,Strength,28.1,3.04,4,1,21.74
49,Female,77.0,1.6,175,142,74,1.72,1605,HIIT,24.1,3.57,2,1,30.23
18,Female,46.3,1.61,181,134,74,0.96,708,Cardio,24.4,2.5,5,2,17.83
22,Male,80.2,1.82,188,126,70,1.01,748,Cardio,10.7,3.74,4,2,24.27
21,Female,55.5,1.69,198,116,59,1.14,818,Cardio,26.1,3.4,6,2,19.45
33,Female,63.4,1.56,178,144,77,1.26,1153,HIIT,27.7,3.2,3,1,26.23
41,Male,69.4,1.77,170,119,60,0.94,772,Cardio,19.6,3.41,3,2,22.25
33,Male,60.5,1.83,195,134,75,1.02,764,Cardio,23.9,2.98,3,1,18.09
19,Female,70.4,1.62,184,105,60,1.07,608,Cardio,25.6,3.71,3,2,26.76
45,Male,77.3,1.7,169,96,66,0.99,395,Yoga,12.1,3.05,3,1,26.66
49,Female,73.6,1.55,185,110,57,1.57,1073,Cardio,27.2,3.98,4,3,30.58
44,Male,89.1,1.69,171,120,68,1.49,933,Strength,17.1,4.27,3,2,31.08
37,Male,95.2,1.78,191,134,66,0.78,785,Cardio,7.5,4.81,3,2,30.12
41,Male,79.9,1.81,181,115,74,1.26,637,Strength,21.0,3.15,3,1,24.34
29,Male,95.8,1.82,193,113,71,2.25,880,Yoga,21.4,5.0,3,1,29.0
52,Female,51.3,1.56,175,105,62,1.69,758,Strength,25.7,3.84,2,1,21.09
50,Male,90.7,1.83,181,141,65,1.23,1401,HIIT,13.5,4.78,4,3,26.97
50,Female,71.4,1.55,169,132,52,1.5,1547,HIIT,19.5,4.19,5,3,29.74
54,Female,68.3,1.59,169,100,66,1.14,526,Strength,29.6,3.17,2,1,26.84
29,Female,71.2,1.67,173,127,65,1.46,1178,HIIT,25.7,4.06,5,2,25.41
20,Male,64.5,1.82,196,80,64,1.15,338,Yoga,12.5,3.21,3,2,19.58
18,Female,48.2,1.64,194,108,57,1.21,821,HIIT,33.1,3.16,3,2,17.89
50,Female,88.9,1.56,169,114,79,0.89,454,Strength,24.2,3.34,2,1,36.67
57,Male,75.6,1.84,161,134,81,1.53,934,Strength,6.0,3.66,3,1,22.42
27,Male,75.4,1.77,188,136,85,1.26,621,Strength,17.1,4.12,2,1,24.2
46,Female,49.6,1.78,187,141,70,1.56,1361,HIIT,27.7,3.6,5,3,15.69
30,Female,44.3,1.6,184,125,65,1.73,1217,Cardio,24.0,3.83,4,2,17.23
29,Male,76.8,1.76,182,124,65,1.73,1319,Cardio,8.8,3.51,3,2,24.81
48,Female,60.2,1.67,170,109,60,1.82,982,Strength,17.4,3.05,4,3,21.56
19,Female,65.0,1.57,198,133,79,1.72,1142,Cardio,19.6,4.27,2,2,26.25
52,Female,66.2,1.65,169,118,62,2.0,1321,Strength,19.6,4.44,3,3,24.23
40,Female,99.9,1.61,178,130,75,0.96,831,Cardio,23.7,4.16,4,2,38.58
34,Female,60.3,1.65,189,130,78,1.05,581,Strength,30.0,3.5,2,1,22.22
43,Male,100.1,1.86,182,110,64,1.7,1240,HIIT,,4.87,6,3,29.06
25,Male,101.0,1.77,186,97,58,0.99,562,Strength,17.9,4.19,4,2,32.29
46,Male,88.6,1.82,173,113,70,1.02,491,Yoga,28.4,4.1,2,1,26.64
43,Female,61.7,1.63,187,122,72,1.22,709,Cardio,31.8,3.79,2,1,23.16
27,Female,45.9,1.75,180,123,79,1.07,582,Cardio,31.4,3.02,4,1,14.98
43,Male,84.7,1.79,177,137,67,1.32,1235,HIIT,7.9,3.85,3,2,26.55
51,Female,79.3,1.71,165,121,56,1.05,1042,HIIT,18.7,3.87,5,3,27.21
58,Female,89.5,1.63,178,114,69,1.44,801,Strength,14.5,5.0,4,3,33.56
24,Female,51.7,1.66,185,139,62,1.5,1419,HIIT,18.7,3.09,4,3,18.82
21,Male,74.6,1.79,185,132,56,1.72,1734,HIIT,23.5,3.85,4,1,23.16
28,Female,51.8,1.64,190,136,73,1.06,982,HIIT,25.5,2.47,2,1,19.33
46,Male,69.1,1.55,168,128,74,0.92,719,Strength,24.9,3.61,3,1,28.63
53,Male,87.3,1.87,177,95,58,1.7,768,Cardio,18.0,4.05,4,3,24.84
42,Male,68.5,1.74,177,114,70,0.25,203,Yoga,19.8,2.46,3,1,22.75
38,Male,66.5,1.69,174,97,71,1.19,309,Yoga,22.5,3.52,5,2,23.31
53,Male,89.2,1.74,168,112,69,1.12,747,Cardio,23.8,4.55,3,2,29.58
27,Female,71.3,1.63,182,113,62,1.24,845,HIIT,29.8,3.53,2,1,26.91
54,Male,82.9,1.83,170,119,79,1.59,935,Cardio,20.6,4.01,3,1,24.65
26,Female,55.9,1.69,180,130,73,1.99,1236,Strength,25.7,4.39,3,3,19.57
41,Male,96.1,1.69,181,113,60,1.54,1026,Strength,7.5,4.34,6,3,33.61
52,Female,65.2,1.73,167,89,60,0.61,246,Yoga,26.9,2.69,4,1,21.87
52,Female,98.3,1.76,160,127,72,1.12,762,Strength,24.9,4.41,3,2,31.7
53,Male,80.3,1.76,185,119,59,1.31,1107,HIIT,12.7,4.34,3,3,25.89
35,Male,45.3,1.64,184,125,74,1.28,769,Strength,15.6,3.09,2,1,16.91
56,Male,44.7,1.79,184,145,84,1.17,857,HIIT,24.5,3.15,2,1,14.0
49,Female,73.7,1.69,169,126,62,0.91,899,HIIT,28.4,3.0,3,1,25.94
41,Female,83.2,1.72,182,90,62,0.86,324,Yoga,26.3,3.33,5,2,28.23
40,Male,67.0,1.87,185,129,70,0.85,738,HIIT,26.6,3.22,3,1,19.17
49,Female,94.4,1.5,174,138,79,0.83,792,Cardio,26.5,3.92,2,1,41.94
54,Male,101.3,1.74,164,146,92,1.72,1001,Strength,17.6,4.31,3,1,33.31
29,Male,80.9,1.72,184,120,68,1.03,745,Cardio,23.8,3.59,3,2,27.29
30,Female,72.6,1.51,189,96,53,1.47,834,Cardio,15.0,3.78,6,3,31.68
40,Male,90.5,2.0,184,146,61,1.79,2000,HIIT,14.8,3.99,5,3,22.7
42,Female,91.5,1.67,179,113,58,1.52,1096,Cardio,18.8,4.13,5,3,32.65
52,Male,87.5,1.67,179,121,71,0.92,667,Strength,18.5,4.27,3,2,31.48
58,Female,67.6,1.73,176,111,73,1.49,653,Strength,30.4,3.51,2,1,22.71
47,Male,87.4,1.78,173,123,65,1.27,905,Strength,22.6,3.65,3,1,27.45
34,Male,85.5,1.56,174,117,58,0.69,601,Strength,19.6,4.46,6,3,35.05
37,Female,77.9,1.54,183,120,69,1.59,1175,HIIT,26.2,4.1,2,1,32.97
42,Male,56.0,1.78,175,124,70,1.46,996,Cardio,18.5,3.19,3,1,17.58
39,Female,69.4,1.66,181,114,67,1.42,793,Strength,27.6,4.0,3,2,25.28
30,Female,71.4,1.51,193,125,71,1.72,835,Yoga,31.9,4.06,5,1,31.19
36,Female,64.0,1.59,185,125,78,1.45,569,Yoga,21.0,3.42,2,1,25.45
53,Female,76.0,1.57,181,97,61,1.84,869,Strength,24.1,4.1,5,3,31.02
29,Female,91.9,1.64,179,119,60,1.81,1600,HIIT,20.5,4.31,5,3,34.17
58,Female,66.9,1.67,178,104,63,1.41,668,Strength,27.9,4.08,5,1,23.99
36,Female,74.7,1.68,192,113,62,0.82,592,Strength,20.7,3.76,5,3,26.4
29,Female,87.5,1.7,186,137,69,0.71,690,Cardio,21.4,2.82,3,2,30.28
26,Male,80.3,1.63,201,106,57,1.6,865,Strength,11.9,4.83,4,2,30.06
24,Male,65.6,1.68,183,108,69,1.58,606,Yoga,18.7,3.64,3,1,23.15
45,Female,73.6,1.76,174,128,78,0.9,823,Cardio,29.3,4.2,2,1,23.71
31,Male,47.2,1.66,188,123,71,0.91,641,Strength,14.0,3.28,2,2,17.07
48,Male,45.8,1.75,176,126,65,1.54,1317,HIIT,20.4,3.44,4,3,15.01
36,Male,82.7,1.72,178,106,71,0.79,487,Strength,29.3,3.59,4,2,28.04
33,Male,45.2,1.84,187,126,68,1.09,719,Cardio,21.6,4.16,2,1,13.4
22,Female,46.6,1.76,191,102,67,1.03,436,Yoga,27.3,2.94,2,1,15.05
52,Female,59.7,1.71,170,117,71,1.37,637,Cardio,17.9,3.25,5,3,20.43
29,Male,67.9,1.76,187,154,76,1.81,1870,HIIT,21.4,3.71,2,1,21.92
42,Female,62.9,1.64,184,112,63,1.08,776,Cardio,32.4,3.41,6,2,23.42
38,Female,80.6,1.6,177,100,60,1.17,544,Yoga,37.2,3.81,2,1,31.42
53,Male,81.3,1.76,177,112,67,0.69,583,Strength,26.5,3.94,2,1,26.33
40,Female,53.2,1.55,175,147,70,1.63,1538,HIIT,29.2,3.85,2,2,22.13
33,Male,97.0,1.78,179,116,63,1.24,1025,Cardio,19.1,4.49,5,2,30.73
56,Male,58.0,1.96,179,95,73,1.56,380,Yoga,14.3,3.5,2,1,15.09
59,Female,68.1,1.65,174,134,80,0.29,399,Strength,27.0,3.31,2,1,24.98
56,Male,56.4,1.71,161,122,62,1.43,977,Strength,13.4,3.8,4,3,19.33
31,Female,68.5,1.68,182,117,72,1.2,750,Strength,27.0,3.56,2,1,24.26
48,Female,60.5,1.6,179,111,71,1.62,672,Yoga,21.4,3.79,3,2,23.7
22,Male,93.2,1.83,190,123,57,1.23,1238,HIIT,18.3,4.41,5,3,27.77
52,Female,75.1,1.68,178,118,66,1.43,1047,Cardio,26.1,3.94,3,1,26.51
40,Female,56.8,1.58,181,129,67,1.27,968,Cardio,20.7,3.52,4,3,22.61
46,Male,67.1,1.75,176,130,71,1.18,1031,HIIT,15.9,4.11,3,1,21.85
28,Female,60.6,1.74,185,123,68,1.62,1082,Cardio,26.2,3.77,3,2,20.08
35,Female,91.3,1.62,189,138,71,0.82,839,HIIT,35.0,3.57,2,1,34.92
29,Female,87.7,1.65,190,106,69,1.71,702,Yoga,22.4,3.74,3,3,32.37
26,Female,51.4,1.66,189,103,74,1.27,403,Yoga,28.9,3.34,2,1,18.58
27,Male,89.2,1.85,187,145,74,1.03,1063,Cardio,29.2,3.77,3,1,26.04
34,Female,40.8,1.66,180,135,70,1.22,919,Cardio,28.5,3.37,4,3,14.75
55,Female,58.7,1.64,171,120,77,0.56,273,Yoga,27.9,3.64,2,2,21.92
24,Female,52.0,1.58,194,156,80,1.27,1351,HIIT,27.7,2.89,4,2,20.71
30,Female,80.0,1.55,191,134,68,1.03,1011,HIIT,24.5,3.36,4,1,33.33
57,Female,46.9,1.67,168,134,82,1.52,896,Cardio,21.5,3.34,3,2,16.78
59,Male,84.0,1.82,171,110,64,1.34,938,Cardio,20.2,3.66,2,1,25.41
26,Female,65.0,1.64,190,132,83,1.52,996,Cardio,28.3,3.62,2,1,24.1
44,Female,62.5,1.53,181,120,63,1.69,1411,HIIT,20.8,3.55,2,2,26.73
19,Female,88.4,1.56,193,122,71,2.25,1400,Cardio,31.0,4.21,2,1,36.51
22,Female,89.6,1.6,182,120,63,1.63,1166,Cardio,21.1,4.6,5,3,35.02
46,Male,76.0,1.69,170,120,58,1.15,870,Cardio,20.1,3.74,5,3,26.46
54,Male,73.2,1.79,180,123,68,1.59,938,Strength,16.7,4.65,3,2,22.92
55,Male,56.9,1.79,182,114,58,2.01,1456,HIIT,13.8,3.99,3,3,17.83
36,Male,77.9,1.81,173,114,60,1.47,952,Strength,12.3,4.46,4,2,23.77
25,Female,92.3,1.58,187,135,71,0.41,449,Cardio,23.4,3.3,5,1,36.8
18,Female,63.2,1.54,196,123,77,1.49,737,Strength,31.6,3.36,3,2,26.52
39,Female,75.2,1.56,167,127,69,0.93,777,Strength,28.8,4.45,2,1,30.91
34,Male,58.4,1.58,177,139,77,0.69,417,Cardio,21.4,2.84,2,1,23.34
24,Female,58.9,1.6,187,103,58,1.52,891,Cardio,,3.21,5,3,22.96
42,Male,84.5,1.76,175,112,59,0.77,425,Yoga,10.4,3.18,3,2,27.39
21,Male,79.5,1.72,191,115,66,1.81,1077,Cardio,17.9,4.94,6,3,26.83
53,Female,76.5,1.59,182,145,82,1.41,1205,Cardio,19.6,3.77,2,1,30.38
23,Female,56.6,1.57,183,123,68,1.27,776,Strength,22.8,3.55,4,2,23.07
48,Male,53.5,1.8,176,131,76,0.96,920,HIIT,13.8,3.21,2,1,16.47
36,Male,93.7,1.77,180,125,76,1.24,820,Strength,21.3,3.83,5,2,30.0
56,Male,64.9,1.72,173,109,67,0.95,397,Yoga,7.6,3.25,4,2,21.88
44,Male,85.1,1.6,178,104,66,1.27,682,Strength,15.8,4.3,5,2,33.41
27,Female,71.3,1.61,202,110,74,0.25,310,Yoga,21.7,2.59,3,1,27.43
43,Male,54.7,2.0,187,138,75,1.18,945,Cardio,15.2,3.57,2,1,13.68
36,Female,79.7,1.77,173,136,63,1.19,1218,HIIT,24.0,4.38,2,1,25.55
56,Male,70.1,1.6,167,121,69,1.6,943,Cardio,23.6,3.98,3,2,27.21
20,Male,78.8,1.9,185,123,63,1.55,1017,Strength,12.8,4.54,5,3,21.71
30,Male,73.0,1.81,178,141,66,1.49,1610,HIIT,28.1,3.31,2,1,22.29
45,Male,100.7,1.76,169,117,67,1.49,876,Strength,26.7,3.68,4,2,32.33
37,Male,96.8,1.86,180,116,56,1.81,1507,HIIT,25.1,4.62,5,3,28.01
45,Male,52.6,1.68,173,97,58,2.22,973,Strength,16.7,3.65,5,2,18.57
25,Female,96.6,1.6,182,135,67,1.45,1450,HIIT,26.1,4.65,4,2,37.77
58,Male,68.5,1.83,183,145,68,1.51,1473,HIIT,16.4,3.65,5,3,20.54
56,Female,94.4,1.6,168,133,69,1.57,1423,HIIT,25.7,4.39,3,1,36.97
18,Male,74.4,1.66,188,123,65,0.99,952,HIIT,21.6,3.61,2,1,27.12
20,Female,60.2,1.63,194,138,66,1.11,1101,HIIT,22.8,3.42,5,1,22.61
30,Female,61.5,1.62,182,102,66,1.6,650,Yoga,,3.47,4,3,23.31
45,Female,59.4,1.68,171,125,73,1.48,932,Strength,26.1,3.03,5,3,21.06
42,Female,100.3,1.6,177,123,72,1.32,899,Cardio,23.3,4.21,5,2,39.37
50,Male,76.9,1.64,187,111,79,1.46,508,Yoga,14.6,4.49,4,1,28.63
55,Female,60.8,1.69,170,126,65,0.56,597,HIIT,23.2,2.81,3,1,21.38
23,Female,66.1,1.56,183,110,71,1.86,590,Yoga,,3.69,3,1,27.12
49,Female,51.5,1.57,178,139,77,1.32,1087,HIIT,29.8,3.38,2,1,20.92
38,Male,100.4,1.82,179,129,59,1.16,1248,HIIT,9.4,3.73,3,2,30.27
33,Male,57.4,1.81,200,109,59,2.02,1162,Cardio,8.6,4.26,3,3,17.46
38,Female,56.4,1.62,176,128,69,1.49,1095,Cardio,21.0,3.09,5,3,21.42
28,Female,78.1,1.54,196,123,69,1.35,817,Strength,27.4,3.76,4,2,33.02
54,Female,65.6,1.69,180,123,65,1.07,776,Cardio,23.5,4.47,2,1,22.97
53,Female,72.7,1.59,171,116,61,1.66,1050,Strength,26.6,3.49,3,1,28.71
52,Female,86.5,1.57,174,140,79,1.15,1131,HIIT,28.1,4.51,5,1,35.12
36,Male,92.1,1.83,176,126,55,1.1,1115,HIIT,17.7,4.05,5,2,27.45
37,Male,79.9,1.77,178,117,67,1.8,939,Strength,5.0,4.28,4,3,25.6
35,Male,107.3,1.89,180,117,68,1.56,1065,Cardio,20.6,4.26,4,1,30.09
58,Male,69.2,1.74,172,110,77,1.71,710,Strength,,4.23,2,1,22.85
31,Female,63.6,1.68,176,99,65,1.37,536,Strength,26.1,3.45,2,1,22.51
32,Male,77.6,1.7,186,117,87,1.55,713,Strength,17.0,3.52,2,1,26.81
48,Female,63.6,1.72,175,127,69,1.21,883,Cardio,19.6,4.08,5,2,21.51
18,Male,63.0,1.79,193,119,74,1.51,727,Strength,23.7,3.51,4,1,19.73
20,Female,42.8,1.56,193,118,62,1.56,1136,Cardio,19.4,2.55,4,2,17.67
33,Female,70.8,1.56,182,126,62,1.64,1499,HIIT,19.9,3.79,4,3,29.27
40,Male,69.1,1.8,183,126,66,0.76,606,Cardio,21.4,3.66,4,2,21.25
28,Female,91.7,1.56,185,142,82,1.01,927,Cardio,24.7,4.2,2,1,37.51
29,Male,77.0,1.68,190,128,73,1.13,803,Cardio,15.7,3.46,2,1,27.27
27,Male,74.5,1.67,188,119,70,1.49,891,Strength,15.7,3.49,5,2,26.6
49,Male,93.3,1.83,177,110,74,1.99,850,Yoga,22.2,4.01,2,1,27.93
33,Male,83.6,1.79,183,121,75,1.45,612,Yoga,26.7,4.03,4,1,26.17
25,Male,75.5,1.6,195,91,59,1.02,451,Strength,12.3,3.68,3,2,29.45
55,Female,56.0,1.66,175,109,79,1.13,351,Yoga,20.7,3.58,6,2,20.36
29,Female,116.2,1.56,178,117,62,1.79,1195,Strength,23.6,4.84,2,2,47.88
41,Female,70.1,1.63,177,115,71,0.97,508,Yoga,28.7,3.41,2,1,26.46
45,Male,93.2,1.78,176,130,72,1.81,1325,Cardio,10.6,4.34,4,3,29.51
25,Female,50.7,1.64,187,130,83,1.19,531,Strength,30.9,3.29,2,1,18.86
45,Male,69.9,1.8,179,156,76,1.09,1136,HIIT,14.9,3.5,2,1,21.57
53,Male,107.6,1.66,168,130,64,1.12,1094,HIIT,7.5,4.7,2,2,39.19
43,Female,84.6,1.71,178,103,68,0.25,307,Yoga,27.7,3.47,3,2,28.9
25,Male,84.4,1.83,186,130,64,1.64,1258,Cardio,17.7,4.22,4,3,25.25
45,Female,59.7,1.52,184,127,68,0.93,668,Cardio,,3.23,4,2,25.9
45,Female,61.7,1.54,172,129,56,0.95,910,HIIT,12.5,2.93,4,3,25.86
54,Male,68.5,1.72,173,134,71,1.54,1206,Cardio,11.2,3.79,5,3,23.09
58,Male,61.8,1.62,167,120,68,1.66,1124,Cardio,15.7,3.47,3,2,23.47
53,Male,90.9,1.69,185,132,63,0.71,749,Cardio,25.8,3.88,4,2,31.86
44,Female,72.5,1.65,186,92,64,1.65,718,Strength,24.2,3.86,4,2,26.8
34,Male,88.3,1.69,173,104,65,1.13,691,Cardio,7.8,4.61,4,3,30.77
26,Male,73.3,1.75,182,102,59,1.53,771,Strength,18.5,3.38,4,2,23.8
50,Male,81.6,1.72,180,121,76,1.35,705,Strength,26.0,2.7,2,1,27.49
37,Female,59.0,1.58,184,136,68,1.23,1153,HIIT,30.5,3.52,2,2,23.62
30,Male,67.8,1.85,188,129,80,1.16,714,Cardio,22.3,3.3,3,1,19.9
45,Male,101.3,1.72,179,119,71,1.01,632,Strength,20.8,4.2,2,1,34.36
46,Female,66.7,1.53,183,110,64,1.24,621,Strength,16.2,3.08,3,1,28.48
30,Female,72.1,1.66,190,111,60,1.39,672,Yoga,25.1,4.54,4,2,26.14
52,Male,89.7,1.8,172,103,61,1.13,623,Strength,15.4,3.82,4,3,27.79
23,Male,79.9,1.8,181,121,69,0.67,773,HIIT,18.7,3.22,2,1,24.54
35,Male,81.4,1.78,172,132,68,1.5,1219,Cardio,23.0,4.78,4,1,25.61
22,Female,49.8,1.74,188,131,72,1.22,991,HIIT,26.6,3.56,2,1,16.52
42,Male,65.5,1.74,168,110,63,1.6,809,Strength,15.2,4.32,4,2,21.74
19,Female,51.7,1.66,192,123,73,0.92,794,Cardio,32.7,3.02,2,1,18.7
27,Female,73.5,1.65,185,139,68,0.86,853,HIIT,25.4,3.5,2,1,26.97
47,Female,66.0,1.66,188,99,75,0.8,273,Yoga,,3.06,3,1,24.05
22,Male,65.5,1.89,191,98,65,1.24,651,Cardio,21.5,3.27,4,2,18.25
50,Female,73.1,1.74,175,143,78,1.23,1030,Cardio,22.4,3.86,2,1,24.11
18,Female,72.6,1.6,181,128,71,1.11,766,Cardio,19.4,3.47,3,2,28.44
35,Female,55.3,1.52,175,116,72,1.7,673,Yoga,34.3,4.51,3,1,23.82
49,Male,77.6,1.61,180,131,66,1.08,968,Cardio,14.0,4.04,4,2,29.91
28,Female,72.7,1.68,184,110,62,1.24,834,Cardio,31.0,4.45,3,1,25.65
38,Male,66.0,1.87,196,130,75,0.99,774,Cardio,8.1,2.52,4,2,18.78
43,Male,85.9,1.79,178,106,67,0.91,599,Yoga,7.0,4.52,2,1,26.68
42,Male,82.2,1.81,180,132,68,1.27,1187,HIIT,18.8,2.95,6,2,24.96
39,Female,51.0,1.65,173,128,65,1.16,1043,HIIT,21.9,2.71,6,3,18.84
44,Male,81.1,1.63,184,115,62,1.48,877,Cardio,16.4,3.31,5,3,30.63
30,Male,83.1,1.81,179,149,75,1.45,1594,HIIT,26.4,4.13,2,2,25.47
50,Male,69.2,1.82,178,93,60,1.68,572,Yoga,10.8,3.89,4,2,20.8
51,Male,70.3,1.82,179,143,73,1.07,1013,HIIT,14.7,3.87,4,3,21.22
58,Female,50.9,1.64,172,122,71,1.36,741,Strength,32.4,3.3,3,2,18.92
52,Female,58.7,1.64,185,110,70,1.13,594,Strength,22.0,3.84,2,1,21.74
18,Male,77.8,1.95,187,129,62,0.8,893,HIIT,11.6,3.16,4,3,20.57
38,Male,70.4,1.79,191,101,58,0.75,507,Cardio,10.7,3.86,3,1,22.0
23,Female,44.2,1.6,181,117,66,1.32,754,Strength,38.7,3.16,4,1,17.29
45,Male,68.4,1.74,182,141,69,0.68,737,HIIT,8.5,4.22,3,1,22.67
34,Male,72.2,1.76,182,146,72,1.12,1194,HIIT,23.5,3.96,5,1,23.24
22,Female,76.4,1.69,185,132,75,0.56,583,HIIT,18.4,3.24,2,2,26.81
48,Female,73.3,1.61,166,114,83,1.11,447,Yoga,22.2,3.62,2,1,28.33
22,Male,89.7,1.82,187,130,73,0.43,462,Cardio,24.8,3.15,2,1,27.12
55,Female,54.7,1.73,171,123,72,0.94,662,Cardio,,3.3,4,1,18.16
20,Male,80.0,1.74,191,97,64,1.15,493,Strength,20.3,3.67,3,2,26.39
40,Female,40.0,1.58,184,101,57,1.34,644,Strength,31.9,3.39,4,2,16.02
54,Male,84.0,1.8,168,124,67,1.06,803,Cardio,20.5,3.28,3,1,25.98
54,Male,86.6,1.74,184,134,70,0.72,638,Cardio,23.9,3.53,2,1,28.71
27,Male,73.1,1.69,183,139,77,0.72,543,Strength,19.9,2.93,2,1,25.58
27,Female,69.1,1.76,190,132,66,0.89,858,HIIT,23.1,2.98,5,3,22.36
36,Female,43.8,1.53,183,138,68,1.37,1217,HIIT,21.8,3.44,3,2,18.71
34,Male,66.8,1.71,182,137,64,1.36,1370,HIIT,26.6,4.1,2,2,22.96
38,Male,88.7,1.68,181,108,59,1.38,1030,HIIT,23.2,3.17,2,1,31.34
31,Female,72.2,1.68,179,82,55,1.12,457,Yoga,27.6,4.36,3,2,25.46
26,Male,72.2,1.79,185,123,57,0.69,716,HIIT,20.9,3.92,4,2,22.44
18,Male,89.4,1.72,183,116,69,1.04,583,Yoga,16.1,3.37,2,1,30.16
30,Female,66.9,1.71,182,147,77,1.15,1235,HIIT,32.2,3.86,2,1,22.99
21,Male,70.9,1.68,187,145,77,0.74,749,HIIT,27.3,3.18,3,1,25.03
18,Female,62.4,1.58,196,131,68,1.08,947,HIIT,15.6,3.36,4,3,25.12
57,Female,58.6,1.74,170,111,60,1.61,960,Strength,25.2,3.88,5,3,19.4
49,Male,61.4,1.93,173,124,74,1.34,796,Cardio,17.3,3.72,3,2,16.5
51,Male,95.6,1.72,176,110,61,1.7,1188,Cardio,14.4,4.2,5,2,32.42
45,Male,70.0,1.56,179,125,76,1.75,1057,Cardio,14.0,3.72,2,1,28.93
48,Female,53.3,1.54,172,123,57,0.77,614,Cardio,30.3,2.82,4,2,22.37
25,Female,43.6,1.68,190,108,60,1.15,740,Cardio,,3.52,5,2,15.49
56,Female,40.0,1.66,171,126,81,1.19,568,Strength,26.5,2.27,3,1,14.54
43,Male,87.8,1.77,175,114,62,1.58,1071,Strength,17.2,4.14,5,3,27.94
51,Female,76.1,1.62,172,95,67,1.51,496,Yoga,26.9,4.56,2,1,28.93
20,Female,81.7,1.61,196,135,78,1.41,1049,Cardio,24.0,4.26,3,1,31.54
29,Female,62.9,1.69,183,111,74,1.7,570,Yoga,25.6,4.2,4,2,21.93
18,Female,60.5,1.62,193,94,64,1.32,425,Yoga,24.9,3.44,4,2,23.05
22,Female,57.9,1.63,181,115,69,1.08,577,Strength,16.1,2.84,4,2,21.91
47,Female,59.2,1.67,183,129,72,1.83,1466,HIIT,24.4,3.8,2,1,21.29
47,Female,80.7,1.64,173,112,46,1.5,1254,Cardio,16.2,3.74,5,3,29.83
34,Male,77.6,1.78,185,116,59,1.22,963,Cardio,8.7,4.68,4,2,24.46
40,Male,83.3,1.8,178,113,73,0.92,546,Strength,19.3,3.65,2,2,25.7
32,Female,58.8,1.65,186,114,58,1.51,1006,Cardio,19.2,3.84,6,3,21.58
54,Male,96.5,1.8,176,119,70,1.65,993,Strength,22.2,5.0,2,2,29.92
38,Female,40.0,1.56,180,103,73,0.97,458,Strength,18.4,2.44,3,1,16.35
31,Female,47.9,1.6,173,140,74,1.25,919,Cardio,23.5,2.3,5,2,18.76
19,Female,70.3,1.63,197,110,63,1.24,810,Cardio,24.4,3.85,2,1,26.34
28,Male,102.5,1.7,185,138,73,1.32,1120,Strength,11.6,4.61,2,1,35.35
56,Male,74.8,1.72,174,112,71,1.06,448,Yoga,19.5,3.47,2,1,25.23
55,Male,66.2,1.91,177,97,58,1.31,682,Strength,7.0,3.15,4,3,18.2
51,Female,79.0,1.65,172,118,66,0.97,780,Cardio,28.6,3.79,4,1,29.03
55,Female,69.5,1.57,176,130,68,0.91,686,Cardio,28.6,3.43,2,2,28.26
51,Female,83.1,1.55,170,128,75,0.88,762,Cardio,28.8,3.82,2,1,34.49
35,Male,59.9,1.73,185,131,67,1.02,796,Cardio,19.0,2.86,5,2,20.14
47,Female,82.0,1.58,177,130,68,0.76,786,HIIT,30.2,3.73,3,2,32.68
32,Female,43.3,1.55,181,118,64,1.65,1101,Cardio,24.9,3.68,3,2,18.04
44,Male,74.0,1.68,178,111,68,1.28,649,Yoga,15.4,3.14,3,1,26.33
51,Female,70.8,1.61,168,132,62,1.35,1207,HIIT,22.0,4.31,4,2,27.27
55,Male,80.6,1.66,174,108,60,1.91,1267,Cardio,11.6,4.36,4,3,29.13
50,Male,92.8,1.81,177,122,71,1.55,1031,Strength,11.8,4.63,4,2,28.24
41,Female,40.0,1.5,182,137,71,1.02,963,HIIT,28.9,2.4,2,2,17.78
32,Male,80.0,1.76,193,113,55,1.86,1503,HIIT,17.1,4.49,3,3,25.92
47,Female,81.8,1.68,176,103,66,1.49,676,Strength,19.2,3.37,2,1,28.89
59,Female,65.8,1.6,170,113,63,0.91,640,HIIT,20.9,2.98,4,2,25.64
34,Female,49.0,1.61,176,126,63,1.77,1349,HIIT,17.0,3.65,5,3,18.87
22,Male,92.1,1.67,198,109,61,0.99,698,Strength,21.1,3.83,2,1,32.86
46,Female,55.9,1.74,168,131,62,1.65,1555,HIIT,30.4,3.62,4,2,18.46
21,Female,53.5,1.52,191,118,63,1.03,640,Strength,29.7,3.96,3,1,23.13
27,Female,51.7,1.6,183,114,69,1.11,552,Strength,21.5,3.2,3,2,20.17
34,Male,75.2,1.72,183,131,67,1.15,1066,HIIT,15.4,3.98,2,2,25.32
27,Male,80.6,1.71,179,127,68,0.81,730,HIIT,12.5,3.57,3,1,27.4
34,Female,47.2,1.62,188,110,61,0.78,464,Strength,18.4,2.87,5,2,18.0
37,Male,63.1,1.77,176,131,68,0.28,300,Cardio,23.7,2.54,3,1,20.18
41,Female,55.3,1.64,186,104,68,0.78,375,Yoga,34.7,3.22,2,1,20.53
22,Female,51.6,1.7,183,125,81,2.07,853,Yoga,23.9,4.79,2,1,17.88
51,Male,78.5,1.69,180,112,69,1.62,723,Yoga,14.7,4.08,6,3,27.34
23,Female,70.1,1.69,184,144,67,1.8,1816,HIIT,31.1,3.87,4,1,24.58
19,Female,68.1,1.56,187,130,64,1.34,1280,HIIT,14.2,4.12,5,3,28.16
30,Female,68.2,1.71,185,117,73,1.14,624,Strength,19.8,3.96,5,2,23.21
28,Female,88.4,1.58,181,127,67,1.75,1376,Cardio,37.5,4.49,3,1,35.43
40,Female,70.9,1.58,175,103,58,1.43,720,Strength,20.2,3.65,3,2,28.29
33,Male,89.0,1.68,178,96,56,0.97,468,Yoga,15.2,4.32,4,2,31.37
48,Male,72.2,1.8,178,105,75,1.52,446,Yoga,14.0,3.9,3,2,22.28
28,Female,78.2,1.55,186,111,70,1.59,756,Strength,17.5,4.38,2,1,32.35
33,Male,71.5,1.89,184,131,73,0.65,578,Strength,19.9,2.99,3,1,19.99
25,Male,83.8,1.9,186,115,68,1.31,801,Cardio,19.4,3.73,3,1,23.28
21,Male,58.8,1.8,193,126,63,0.67,450,Cardio,20.4,3.12,2,1,18.2
57,Female,67.3,1.73,178,118,65,1.57,894,Strength,27.1,3.29,2,1,22.39
21,Female,51.3,1.61,193,119,63,1.23,778,Cardio,25.2,3.12,2,1,19.73
42,Female,78.1,1.5,178,109,76,1.37,573,Strength,24.9,3.37,2,1,34.71
20,Female,77.3,1.53,183,140,80,1.07,899,Strength,25.0,3.07,3,1,32.82
49,Female,58.5,1.56,164,112,71,0.53,289,Strength,22.6,3.96,3,1,23.95
20,Male,106.7,1.63,190,125,62,1.0,963,Cardio,15.3,3.99,4,1,40.36
44,Female,61.0,1.62,166,125,66,1.78,1395,HIIT,17.6,3.58,5,3,23.17
46,Male,55.4,1.71,176,121,79,1.85,862,Strength,22.4,3.75,2,1,18.91
49,Female,54.1,1.64,184,113,73,1.4,504,Yoga,26.5,3.0,2,2,20.04
36,Female,50.4,1.56,175,110,71,0.91,449,Yoga,27.6,2.85,3,1,20.81
38,Male,83.3,1.8,173,108,62,1.64,1022,Cardio,24.2,4.88,3,3,25.85
22,Male,60.7,1.76,193,130,71,1.44,946,Strength,14.9,3.72,2,1,19.55
35,Male,70.5,1.8,166,133,70,1.5,1304,HIIT,20.1,4.2,4,3,21.72
45,Male,82.4,1.69,180,138,72,1.32,1316,HIIT,15.7,4.57,3,2,28.73
59,Male,79.9,1.75,179,132,69,1.22,1146,HIIT,20.3,3.92,2,1,26.21
39,Female,64.8,1.59,175,87,61,1.47,457,Yoga,25.9,3.59,4,3,25.63
38,Female,66.8,1.59,175,125,64,1.4,1098,Cardio,22.6,3.1,5,2,26.43
23,Female,59.8,1.61,192,122,65,1.79,1110,Cardio,22.2,3.62,4,1,22.95
18,Female,42.5,1.67,184,117,75,0.59,341,Strength,20.5,2.64,5,2,15.17
22,Female,59.4,1.59,194,114,58,1.37,837,Strength,12.0,3.19,5,3,23.39
58,Female,71.6,1.62,164,125,70,0.97,807,Cardio,28.0,4.13,4,2,27.21
29,Male,76.1,1.7,196,133,67,1.56,1371,HIIT,22.4,4.4,4,1,26.44
43,Female,70.5,1.57,182,126,64,1.25,888,Strength,32.9,4.05,2,2,28.72
51,Male,69.8,1.81,175,101,66,1.5,764,Strength,19.1,3.75,4,2,21.27
31,Female,78.9,1.62,195,118,66,1.95,1400,HIIT,25.8,3.84,6,3,30.11
43,Female,40.0,1.63,185,119,65,0.92,610,HIIT,24.6,3.38,3,2,15.09
44,Female,67.0,1.66,180,115,64,0.97,744,Strength,29.8,3.56,4,1,24.3
26,Male,96.9,1.75,176,125,63,1.91,1606,HIIT,19.9,4.89,6,3,31.57
43,Female,86.0,1.55,174,129,66,0.76,721,HIIT,28.4,3.92,3,1,35.64
39,Female,61.8,1.57,187,120,80,0.98,448,Strength,24.9,3.45,3,1,24.95
47,Male,59.4,1.79,169,133,65,0.74,718,Cardio,15.9,3.93,2,2,18.52
34,Male,97.1,1.74,178,134,63,1.78,1641,Cardio,20.8,4.25,5,2,32.16
43,Female,64.3,1.62,172,138,83,0.95,738,Strength,25.0,3.23,2,1,24.44
53,Male,75.8,1.77,176,107,71,1.42,652,Strength,21.4,4.52,4,2,24.08
18,Female,52.5,1.63,197,127,66,1.39,1079,HIIT,37.0,3.42,3,1,19.66
25,Male,60.5,1.76,193,138,66,0.87,861,HIIT,24.0,3.18,2,1,19.46
52,Male,85.9,1.72,169,131,66,0.78,819,HIIT,18.2,3.58,5,3,29.06
32,Female,74.4,1.66,186,143,71,1.07,1100,HIIT,29.2,3.9,5,1,27.03
39,Male,80.8,1.77,175,151,76,1.07,1234,HIIT,15.6,3.67,2,1,25.92
31,Female,54.3,1.55,183,130,67,1.13,699,Strength,23.2,3.13,2,1,22.53
43,Male,63.1,1.75,182,117,67,1.43,838,Cardio,10.1,3.88,3,3,20.63
45,Male,57.9,1.74,184,94,58,0.98,378,Yoga,22.3,3.28,2,1,19.1
40,Female,57.2,1.58,167,114,70,0.96,546,Strength,25.6,2.82,2,1,22.86
31,Female,50.9,1.56,185,95,63,1.4,505,Strength,24.9,3.37,4,2,21.05
41,Female,41.1,1.6,188,105,64,1.01,366,Yoga,27.1,3.49,4,2,15.96
19,Female,74.1,1.61,192,140,70,1.12,1187,HIIT,23.3,3.96,3,1,28.42
43,Female,46.5,1.64,179,118,74,1.1,581,Strength,22.5,3.7,3,2,17.3
31,Male,91.8,1.76,181,116,64,1.25,942,HIIT,21.1,3.79,2,1,29.67
24,Male,83.5,1.78,196,102,50,1.84,1178,Cardio,13.0,4.7,5,3,26.27
20,Female,69.1,1.56,187,106,65,1.55,657,Yoga,26.5,3.55,2,1,28.33
40,Female,88.3,1.71,179,143,77,1.6,1249,Cardio,22.3,3.73,2,1,30.03
35,Female,47.0,1.54,180,120,61,1.03,870,HIIT,26.6,2.74,2,1,19.76
55,Male,90.2,1.63,173,132,68,1.06,914,Cardio,27.8,3.99,2,1,34.15
52,Male,73.8,1.75,183,112,72,0.86,451,Yoga,14.8,3.9,4,2,24.24
32,Female,101.0,1.62,179,129,71,1.03,884,Cardio,21.8,4.26,4,1,38.41
42,Female,59.7,1.75,180,123,78,1.04,571,Cardio,32.3,3.26,5,1,19.4
54,Female,57.4,1.67,175,93,55,1.08,476,Strength,27.6,2.88,4,2,20.71
45,Female,71.0,1.76,173,106,65,1.08,664,Strength,26.1,3.85,4,2,22.93
27,Female,62.1,1.58,186,131,79,0.56,602,Cardio,20.9,3.46,2,1,24.73
56,Male,67.4,1.69,183,126,64,0.68,444,Strength,13.6,3.37,2,1,23.62
34,Male,64.4,1.77,172,107,77,1.17,474,Yoga,11.8,3.07,4,1,20.45
56,Male,98.4,1.75,169,111,70,1.18,608,Yoga,21.7,4.5,2,1,32.22
39,Male,61.7,1.93,182,125,74,1.32,983,Cardio,24.6,4.02,3,1,16.53
43,Female,68.1,1.65,176,114,75,1.21,473,Yoga,27.3,4.2,5,2,24.9
42,Male,92.8,1.74,196,120,66,1.45,1104,Cardio,24.2,4.05,4,3,30.61
34,Female,80.5,1.51,186,116,67,1.59,886,Strength,25.3,4.24,4,1,35.36
30,Male,69.6,1.76,179,132,74,1.13,936,Cardio,17.9,3.36,3,1,22.47
37,Male,75.1,1.82,167,113,67,0.93,713,Strength,20.0,3.19,3,1,22.78
42,Male,72.4,1.74,181,131,73,0.73,636,Cardio,18.4,4.02,2,1,23.82
21,Male,56.5,1.71,185,138,63,1.43,1347,HIIT,22.0,3.71,3,1,19.34
27,Female,72.5,1.71,194,105,63,0.85,588,Strength,19.3,3.98,4,3,24.93
20,Male,78.5,1.79,188,138,74,1.01,906,Cardio,10.0,3.19,4,2,24.44
58,Female,85.2,1.54,168,114,61,1.6,1122,Cardio,13.6,4.28,4,3,35.94
35,Male,66.5,1.86,179,132,70,0.78,835,HIIT,16.9,3.5,5,3,19.24
53,Male,93.2,1.67,179,127,86,1.08,480,Yoga,14.4,3.68,3,2,33.42
39,Male,94.2,1.79,183,99,67,1.35,500,Yoga,11.2,4.79,6,2,29.34
51,Female,65.7,1.65,185,143,75,1.02,1023,HIIT,24.4,3.33,2,1,24.08
25,Female,40.0,1.57,186,137,70,0.96,819,HIIT,34.8,3.06,3,2,16.15
57,Male,70.8,1.78,177,82,64,1.24,317,Yoga,8.9,3.44,5,3,22.3
36,Male,103.0,1.78,187,134,76,1.44,1207,Cardio,23.1,3.95,4,1,32.41
59,Female,69.2,1.64,175,115,62,2.09,1514,HIIT,24.6,4.5,6,3,25.71
58,Male,87.7,1.67,168,111,67,1.2,700,Cardio,,4.13,3,1,31.62
54,Male,76.8,1.69,176,92,54,0.75,419,Yoga,13.9,3.58,5,3,26.87
23,Female,61.9,1.78,188,100,61,1.65,688,Yoga,14.7,3.62,5,3,19.62
43,Female,40.0,1.65,178,147,72,1.16,1143,HIIT,30.0,3.14,2,2,14.74
51,Male,89.1,1.77,170,100,61,0.92,599,Strength,15.8,4.34,5,2,28.31
23,Female,80.1,1.72,176,97,68,1.02,380,Yoga,31.4,3.44,2,2,27.18
54,Female,51.7,1.58,180,131,62,1.18,1112,HIIT,26.6,3.47,3,3,20.68
50,Male,75.5,1.79,178,124,59,0.96,746,Cardio,19.5,3.67,5,3,23.46
39,Female,60.6,1.64,172,106,56,1.28,767,Strength,36.8,3.41,3,2,22.59
38,Female,70.9,1.51,185,103,75,1.94,586,Yoga,26.4,3.42,4,2,31.0
23,Male,70.4,1.71,196,147,70,0.92,940,HIIT,,3.45,4,2,24.05
23,Male,91.0,1.79,193,132,79,2.08,1471,Cardio,12.5,4.84,5,3,28.49
21,Male,79.0,1.86,184,126,73,1.37,991,Cardio,19.7,4.03,2,2,22.81
47,Female,40.0,1.79,172,115,71,1.42,711,Cardio,20.0,2.58,5,3,12.54
28,Male,84.2,1.68,183,118,57,1.19,1008,Cardio,19.4,4.4,3,2,29.75
47,Female,78.9,1.63,182,132,60,0.87,882,HIIT,29.4,4.26,3,1,29.86
48,Female,48.9,1.6,179,100,71,1.25,330,Yoga,17.2,3.18,2,1,19.01
41,Male,83.7,1.73,196,113,64,1.33,615,Yoga,16.4,4.9,3,1,27.89
26,Female,90.6,1.6,177,110,67,0.3,282,Strength,28.7,3.16,2,1,35.29
20,Male,79.6,1.8,190,156,86,2.04,1921,HIIT,8.2,3.81,3,1,24.58
48,Female,81.0,1.57,164,131,74,0.67,607,Cardio,24.5,3.12,4,2,32.82
57,Female,58.8,1.51,175,97,65,0.97,472,Strength,32.5,3.36,2,1,25.69
54,Male,77.7,1.69,179,109,57,0.25,150,Strength,26.0,2.49,2,1,27.17
53,Male,75.1,1.77,182,120,61,1.21,910,Cardio,13.1,3.6,4,2,24.0
41,Male,72.6,1.61,181,94,60,1.29,555,Strength,21.3,4.9,3,3,27.87
48,Male,75.9,1.72,165,125,65,1.12,799,Strength,23.0,3.09,5,2,25.78
23,Male,55.2,1.85,188,114,55,1.56,1101,Cardio,5.0,3.32,5,3,16.13
19,Male,73.4,1.6,193,139,74,1.21,1019,Cardio,17.6,3.28,3,2,28.78
37,Female,83.7,1.67,175,118,67,1.34,1026,HIIT,28.6,3.86,3,1,29.86
45,Male,64.5,1.73,176,123,71,0.87,607,Cardio,24.6,3.17,4,2,21.6
28,Male,63.1,1.79,178,141,67,1.33,1302,HIIT,18.4,3.29,4,2,19.71
21,Female,65.9,1.62,186,119,77,0.93,570,Cardio,34.5,3.31,3,1,25.08
32,Male,79.6,1.79,189,132,70,1.02,980,HIIT,15.6,3.96,2,1,24.96
23,Female,70.3,1.68,193,129,61,1.39,1303,HIIT,17.0,4.29,4,2,24.97
47,Female,63.4,1.63,168,117,67,0.97,687,HIIT,24.3,3.24,2,1,23.98
55,Female,66.0,1.71,168,117,63,1.26,923,HIIT,32.9,3.58,4,2,22.54
19,Male,73.1,1.79,191,149,83,0.75,731,Cardio,24.1,3.6,2,1,22.83
32,Male,60.1,1.89,185,115,67,1.68,924,Strength,28.6,3.22,2,2,16.9
28,Male,77.0,1.6,182,124,67,1.55,1054,Strength,9.8,3.91,4,2,29.93
25,Female,75.1,1.55,190,132,76,1.18,849,Cardio,32.7,3.51,2,1,31.34
43,Male,85.2,1.74,178,146,71,1.07,939,Cardio,23.3,4.23,2,1,28.29
22,Male,53.6,1.76,174,143,74,1.26,1189,HIIT,15.6,4.03,2,2,17.22
23,Female,68.5,1.58,185,119,61,1.83,1086,Strength,26.4,3.66,4,3,27.4
43,Male,65.5,1.74,175,93,60,1.68,553,Yoga,15.2,4.33,6,3,21.69
21,Male,97.5,1.72,194,128,61,1.68,1589,HIIT,,3.87,4,2,32.77
36,Male,82.6,1.84,186,118,78,1.18,576,Yoga,20.4,3.94,3,2,24.43
37,Female,77.5,1.61,171,112,71,1.32,633,Yoga,32.4,3.95,4,1,29.79
50,Male,78.3,1.79,178,129,64,1.57,1478,HIIT,19.9,3.41,3,1,24.35
37,Female,64.1,1.61,181,127,72,0.83,716,Cardio,36.4,2.95,4,1,24.76
29,Female,85.9,1.66,186,115,63,0.95,667,Strength,23.9,3.42,4,2,31.18
18,Male,91.6,1.7,187,138,69,1.25,1152,HIIT,28.9,3.56,3,1,31.8
43,Female,66.7,1.74,178,130,73,0.72,617,HIIT,21.9,2.2,3,1,22.09
31,Male,75.2,1.81,191,143,76,0.66,798,HIIT,12.1,3.32,3,2,22.96
55,Male,54.1,1.62,173,119,68,1.71,931,Strength,12.4,3.57,2,2,20.61
54,Female,69.5,1.69,173,124,67,1.62,1401,HIIT,32.3,3.83,2,1,24.22
28,Female,63.2,1.79,183,130,68,0.74,615,Cardio,23.5,3.51,4,1,19.72
53,Female,72.8,1.62,180,133,75,0.65,715,Cardio,35.0,2.57,2,1,27.69
30,Male,90.0,1.68,177,126,59,0.92,781,Strength,16.9,3.7,2,1,32.06
20,Male,95.3,1.74,185,109,61,1.74,967,Strength,19.0,5.0,2,2,31.42
50,Male,82.7,1.83,167,136,72,1.01,840,Cardio,22.7,4.12,2,1,24.63
23,Male,63.4,1.7,190,109,57,1.33,822,Strength,11.9,3.92,3,2,21.98
27,Male,47.9,1.85,194,131,61,1.56,1176,Cardio,7.5,2.99,5,3,14.04
22,Male,66.5,1.76,187,108,68,1.21,570,Strength,20.9,3.48,2,1,21.57
40,Male,96.7,1.85,174,129,68,1.97,1666,HIIT,13.1,3.7,4,3,28.1
27,Male,103.5,1.7,196,97,69,0.9,303,Yoga,22.0,4.34,3,1,35.75
19,Male,74.7,1.75,193,132,78,1.11,807,Cardio,12.8,4.22,3,1,24.49
30,Male,57.5,1.78,187,110,71,1.23,680,Strength,17.7,2.81,3,1,18.17
57,Female,55.9,1.52,170,105,82,1.13,351,Yoga,26.6,2.83,4,1,24.25
19,Male,93.9,1.83,195,94,63,0.72,397,Strength,7.3,3.8,2,1,28.16
37,Female,56.7,1.66,183,111,81,0.63,284,Strength,32.5,3.07,2,1,20.68
18,Female,73.2,1.71,188,105,65,0.78,426,Yoga,21.2,3.22,4,2,25.13
54,Male,80.4,1.82,171,133,72,1.7,1402,HIIT,22.0,3.8,4,3,24.3
26,Female,74.9,1.67,181,119,74,1.01,690,Cardio,21.5,3.28,4,2,27.02
34,Female,90.5,1.61,176,97,54,1.31,702,Strength,24.9,4.08,3,1,34.74
26,Female,73.3,1.64,185,114,70,1.33,650,Strength,18.8,4.0,6,2,27.23
28,Male,80.1,1.8,193,113,73,0.96,618,Strength,22.7,3.66,4,2,24.66
32,Male,105.0,1.83,178,139,71,1.12,1101,Cardio,16.8,4.21,6,3,31.37
41,Male,82.9,1.74,185,122,56,1.5,1128,Cardio,21.5,3.35,5,3,27.47
55,Female,53.9,1.56,168,135,67,1.48,1166,Cardio,21.5,3.81,3,3,22.25
52,Female,74.6,1.64,163,138,72,1.32,1284,HIIT,27.3,3.76,2,1,27.88
47,Female,71.3,1.62,180,107,70,1.14,469,Yoga,16.6,3.43,4,2,27.32
48,Female,60.7,1.62,186,107,77,0.85,299,Yoga,,3.33,4,1,23.01
22,Female,57.8,1.5,184,128,70,1.49,1155,HIIT,23.4,3.21,5,3,25.67
31,Male,73.8,1.86,175,122,67,1.65,1140,Cardio,21.4,3.8,3,1,21.3
28,Male,70.6,1.68,189,143,73,0.49,573,HIIT,28.6,3.25,2,1,24.95
26,Female,61.3,1.54,181,129,71,0.87,604,Strength,18.2,2.98,2,1,25.99
51,Male,66.2,1.72,178,110,66,1.51,756,Strength,18.1,3.07,3,2,22.34
29,Male,83.4,1.68,192,125,70,1.23,953,HIIT,17.6,3.18,2,1,29.41
52,Male,82.4,1.81,176,143,72,1.36,1291,HIIT,19.9,4.14,2,1,25.24
52,Male,82.8,1.69,179,109,59,1.3,914,HIIT,15.0,3.92,4,3,29.01
18,Female,64.1,1.64,196,123,68,0.89,677,Cardio,21.5,3.29,5,3,23.77
57,Female,62.5,1.64,177,145,79,1.74,1555,HIIT,21.8,3.33,2,1,23.28
39,Female,85.2,1.69,181,128,66,1.53,1283,HIIT,20.9,4.11,3,1,29.66
46,Female,65.9,1.6,182,107,71,1.44,543,Strength,21.2,3.52,5,3,25.79
25,Male,95.7,1.76,188,110,58,1.16,817,Cardio,,3.87,5,3,30.87
28,Male,64.1,1.61,188,140,72,1.13,1047,Cardio,16.4,3.43,2,2,24.71
58,Female,73.2,1.54,189,145,75,1.38,1311,HIIT,23.7,3.91,5,2,31.06
54,Male,67.7,1.64,174,127,70,1.06,702,Strength,7.2,4.19,2,1,25.23
31,Female,57.2,1.63,176,96,58,1.44,589,Strength,32.2,3.73,4,3,21.65
47,Female,59.2,1.63,175,120,63,1.86,1290,Cardio,25.4,4.14,3,2,22.42
52,Male,71.4,1.76,172,125,69,1.62,1119,Cardio,5.0,4.34,4,2,22.99
38,Female,58.4,1.62,179,119,83,0.74,292,Yoga,28.7,2.81,4,1,22.16
54,Female,82.0,1.7,179,105,53,1.48,838,Strength,21.5,3.9,5,3,28.44
22,Female,65.6,1.61,196,134,68,1.12,1065,HIIT,18.4,3.12,5,2,25.27
36,Male,81.2,1.81,181,95,70,1.25,441,Yoga,21.0,3.6,2,1,24.85
31,Male,71.6,1.83,176,134,64,1.28,1169,HIIT,12.3,3.53,5,2,21.45
43,Male,90.0,1.65,179,129,67,2.34,1815,Cardio,18.0,4.42,5,2,32.92
21,Male,83.0,1.74,186,130,64,1.45,1169,Cardio,13.5,4.12,2,2,27.55
42,Male,73.7,1.73,180,133,74,1.25,716,Strength,12.5,3.9,3,2,24.67
59,Female,42.8,1.56,170,127,75,1.95,1114,Strength,24.9,3.0,4,2,17.57
42,Male,81.0,1.73,186,110,64,1.52,927,Cardio,6.4,3.91,4,3,26.96
35,Female,73.1,1.69,184,123,70,0.62,599,HIIT,27.1,3.21,2,1,25.61
57,Female,51.3,1.71,168,114,68,1.11,689,Strength,30.8,2.6,5,1,17.45
25,Female,60.9,1.64,179,134,72,1.36,973,Cardio,33.9,3.23,3,1,22.54
56,Male,85.5,1.81,172,140,78,1.47,1195,Cardio,22.4,4.44,4,2,26.13
57,Female,43.0,1.68,171,123,66,1.65,1161,Cardio,31.8,3.69,2,2,15.15
31,Male,68.9,1.88,183,123,58,1.5,1274,HIIT,12.2,3.13,4,3,19.48
49,Male,83.3,1.58,180,135,65,1.33,1269,Cardio,11.9,4.15,3,2,33.42
55,Female,80.5,1.62,164,125,72,0.81,504,Strength,29.1,3.01,5,2,30.74
50,Male,108.6,1.59,170,93,59,1.98,745,Yoga,11.9,4.7,5,3,42.81
40,Male,105.4,1.56,180,121,71,1.04,742,Cardio,19.5,4.19,2,1,43.59
32,Female,67.0,1.62,181,113,66,1.11,754,Cardio,26.2,3.81,5,3,25.4
50,Male,71.2,1.72,173,113,67,2.07,1115,Cardio,29.6,4.1,2,1,24.13
42,Male,90.9,1.77,179,96,56,1.89,873,Strength,19.6,4.05,4,2,28.89
34,Male,70.4,1.79,187,118,61,1.14,802,Cardio,18.0,3.12,4,2,22.0
50,Female,54.3,1.65,174,117,62,0.64,432,Cardio,19.4,3.04,4,2,19.97
19,Female,60.7,1.52,179,132,70,0.9,768,HIIT,33.3,3.0,3,1,26.12
31,Male,72.0,1.98,181,132,71,1.7,1261,Cardio,21.5,3.8,3,1,18.29
57,Male,83.8,1.77,174,151,72,1.36,1479,HIIT,15.3,4.38,5,2,26.61
57,Male,69.6,1.9,176,114,56,0.98,836,HIIT,12.2,3.65,5,3,19.32
56,Male,79.2,1.56,177,118,75,1.42,709,Strength,17.5,4.57,2,1,32.4
23,Female,87.3,1.68,195,91,61,1.38,571,Strength,22.7,3.67,4,3,31.05
23,Male,79.7,1.74,189,115,60,0.92,633,Cardio,12.2,3.36,4,1,26.46
20,Male,99.2,1.59,192,101,67,1.1,473,Yoga,23.1,4.22,4,2,39.05
24,Female,81.8,1.63,182,117,75,1.76,718,Yoga,30.2,4.92,3,2,30.92
25,Female,73.3,1.62,174,106,72,1.49,562,Yoga,24.2,3.54,3,2,27.76
59,Female,60.0,1.62,162,113,63,0.93,646,Cardio,20.5,3.27,5,3,22.92
32,Male,92.6,1.83,180,141,74,1.43,1295,HIIT,16.9,4.74,3,2,27.61
46,Male,74.5,1.63,169,127,68,1.34,1038,Cardio,17.7,3.81,5,2,28.01
36,Female,74.7,1.68,192,113,62,0.82,592,Strength,20.7,3.76,5,3,26.4
55,Male,56.9,1.79,182,114,58,2.01,1456,HIIT,13.8,3.99,3,3,17.83
39,Female,64.5,1.63,171,114,67,1.68,754,Strength,21.1,3.78,3,2,24.26
51,Female,76.1,1.62,172,95,67,1.51,496,Yoga,26.9,4.56,2,1,28.93
19,Female,76.7,1.69,187,123,75,0.81,618,Cardio,31.8,2.87,2,1,27.03
